Workbook

Sheet Analysis Tables
A1: Metric | B1: Value
A2: Valid Responses Analysed | B2: =ROWS('Analysis Data'!AJ3:AJ39) -> 37 | E2: Loyalty Metric | F2: Value
E3: Mean Loyalty Index | F3: 3.8864865
E4: Standard Deviation | F4: 0.89136667
E5: Minimum Loyalty Index | F5: 1
A6: Loyalty Metric | B6: Value | E6: Maximum Loyalty Index | F6: 5
A7: Mean Loyalty Index | B7: =AVERAGE('Analysis Data'!AJ3:AJ39) -> 3.8864865
A8: Standard Deviation | B8: =_xlfn.STDEV.S('Analysis Data'!AJ3:AJ39) -> 0.89136667
A9: Minimum Loyalty Index | B9: =MIN('Analysis Data'!AJ3:AJ39) -> 1
A10: Maximum Loyalty Index | B10: =MAX('Analysis Data'!AJ3:AJ39) -> 5
A16: NPS Category | B16: Count | C16: Percent
A17: Promoter | B17: =COUNTIF('Analysis Data'!AK3:AK39,A17) -> 14 | C17: =B17/SUM($B$17:$B$19) -> 0.4
A18: Passive | B18: =COUNTIF('Analysis Data'!AK4:AK40,A18) -> 14 | C18: =B18/SUM($B$17:$B$19) -> 0.4
A19: Detractor | B19: =COUNTIF('Analysis Data'!AK5:AK41,A19) -> 7 | C19: =B19/SUM($B$17:$B$19) -> 0.2
A20: Total | B20: =SUM(B17:B19) -> 35 | C20: =SUM(C17:C19) -> 1
A22: Overall NPS | B22: =((B17/SUM($B$17:$B$19))-(B19/SUM($B$17:$B$19)))*100 -> 20
A25: Cancellation Risk | B25: Count | C25: Percent
A26: High Risk | B26: =COUNTIF('Analysis Data'!AL3:AL39,A26) -> 14 | C26: =B26/SUM($B$26:$B$27) -> 0.37837838
A27: Low/Moderate Risk | B27: =COUNTIF('Analysis Data'!AL4:AL40,A27) -> 23 | C27: =B27/SUM($B$26:$B$27) -> 0.62162162
A28: Total | B28: =SUM(B26:B27) -> 37 | C28: =SUM(C26:C27) -> 1 | F28: Cancellation Risk | G28: Count | H28: Percent
F29: High Risk | G29: 14 | H29: 0.37837838
F30: Low/Moderate Risk | G30: 23 | H30: 0.62162162
A31: Cancelled Past Year | B31: Count | C31: Percent | F31: Total | G31: 37 | H31: 1
A32: Yes | B32: =COUNTIF('Analysis Data'!AM3:AM39,A32) -> 6 | C32: =B32/$B$34 -> 0.16216216
A33: No | B33: =COUNTIF('Analysis Data'!AM3:AM40,A33) -> 31 | C33: =B33/$B$34 -> 0.83783784
A34: Total | B34: =SUM(B32:B33) -> 37 | C34: =SUM(C32:C33) -> 1
A37: Cancelled Past Year | B37: Mean Loyalty Index
A38: Yes | B38: =AVERAGEIF('Analysis Data'!AM3:AM39,A38,'Analysis Data'!AJ3:AJ39) -> 4.3333333
A39: No | B39: =AVERAGEIF('Analysis Data'!AM4:AM40,A39,'Analysis Data'!AJ4:AJ40) -> 3.7866667 | F39: Cancelled Past Year | G39: Count | H39: Percent
F40: Yes | G40: 6 | H40: 0.1622
F41: No | G41: 31 | H41: 0.8378
F42: Total | G42: 37 | H42: 1
A43: Chi-Square: Past Cancellation x Cancellation Risk
B44: High Risk | C44: Low/Moderate Risk | D44: Total
A45: Yes | B45: =COUNTIFS('Analysis Data'!AM3:AM39,"Yes",'Analysis Data'!AL3:AL39,"High risk") -> 0 | C45: =COUNTIFS('Analysis Data'!AM3:AM39,"Yes",'Analysis Data'!AL3:AL39,"Low/moderate risk") -> 6 | D45: =SUM(B45:C45) -> 6 | F45: Past Cancellation x Cancellation Risk
A46: No | B46: =COUNTIFS('Analysis Data'!AM3:AM39,"No",'Analysis Data'!AL3:AL39,"High risk") -> 14 | C46: =COUNTIFS('Analysis Data'!AM3:AM39,"No",'Analysis Data'!AL3:AL39,"Low/moderate risk") -> 17 | D46: =SUM(B46:C46) -> 31 | F46: Cancelled Past Year | G46: High Risk | H46: Low/Moderate Risk | I46: Total
A47: Total | B47: =SUM(B45:B46) -> 14 | C47: =SUM(C45:C46) -> 23 | D47: =SUM(D45:D46) -> 37 | F47: Yes | G47: 0 | H47: 6 | I47: 6
F48: No | G48: 14 | H48: 17 | I48: 31
F49: Total | G49: 14 | H49: 23 | I49: 37
B50: High Risk Expected | C50: Low/Moderate Risk Expected
A51: Yes | B51: =$D45*B$47/$D$47 -> 2.2702703 | C51: =$D45*C$47/$D$47 -> 3.7297297
A52: No | B52: =$D46*B$47/$D$47 -> 11.72973 | C52: =$D46*C$47/$D$47 -> 19.27027
A55: Test | B55: Value | F55: Test | G55: Value
A56: Pearson Chi-Square | B56: {=SUM((B45:C46-B51:C52)^2/B51:C52)} -> 4.3590463 | F56: Pearson Chi-Square | G56: 4.3590463
A57: df | B57: =1 -> 1 | F57: Degrees of Freedom | G57: 1
A58: Sig. / p-value | B58: =_xlfn.CHISQ.TEST(B45:C46,B51:C52) -> 0.036812909 | F58: Significance / p-value | G58: 0.036812909
A59: N of Valid Cases | B59: =37 -> 37 | F59: N of Valid Cases | G59: 37
F60: Table 3. Chi-Square Test: Past Cancellation and Cancellation Risk

Sheet Analysis Data
A1: StartDate | B1: EndDate | C1: Status | D1: IPAddress | E1: Progress | F1: Duration (in seconds) | G1: Finished | H1: RecordedDate | I1: ResponseId | J1: LocationLatitude | K1: LocationLongitude | L1: DistributionChannel | M1: UserLanguage | N1: Q1 | O1: Q2_1 | P1: Q2_2 | Q1: Q2_3 | R1: Q2_4 | S1: Q2_5 | T1: Q2_6 | U1: Q2_7 | V1: Q2_8 | W1: Q2_9 | X1: Q2_10 | Y1: Q3_1 | Z1: Q3_2 | AA1: Q3_3 | AB1: Q3_4 | AC1: Q3_5 | AD1: Q4_NPS_GROUP | AE1: Q4 | AF1: Q5 | AG1: Q6 | AH1: Q7 | AI1: Q8 | AJ1: Loyalty Index | AK1: NPS Category | AL1: Cancellation Risk | AM1: Cancelled A Service Within The Last Year
A2: Start Date | B2: End Date | C2: Response Type | D2: IP Address | E2: Progress | F2: Duration (in seconds) | G2: Finished | H2: Recorded Date | I2: Response ID | J2: Location Latitude | K2: Location Longitude | L2: Distribution Channel | M2: User Language | N2: Which statement best describes your role in streaming service decisions for your household? | O2: Please rank each streaming service based on how often you use it. Select First Most Used Service for the streaming service you use the most. Select Second Most Used Service for the service you use second most. Select Third Most Used Service for the service you use third most. For all other services, select Other (Not in top 3). - Netflix | P2: Please rank each streaming service based on how often you use it. Select First Most Used Service for the streaming service you use the most. Select Second Most Used Service for the service you use second most. Select Third Most Used Service for the service you use third most. For all other services, select Other (Not in top 3). - Hulu | Q2: Please rank each streaming service based on how often you use it. Select First Most Used Service for the streaming service you use the most. Select Second Most Used Service for the service you use second most. Select Third Most Used Service for the service you use third most. For all other services, select Other (Not in top 3). - Disney+ | R2: Please rank each streaming service based on how often you use it. Select First Most Used Service for the streaming service you use the most. Select Second Most Used Service for the service you use second most. Select Third Most Used Service for the service you use third most. For all other services, select Other (Not in top 3). - Max | S2: Please rank each streaming service based on how often you use it. Select First Most Used Service for the streaming service you use the most. Select Second Most Used Service for the service you use second most. Select Third Most Used Service for the service you use third most. For all other services, select Other (Not in top 3). - Prime Video | T2: Please rank each streaming service based on how often you use it. Select First Most Used Service for the streaming service you use the most. Select Second Most Used Service for the service you use second most. Select Third Most Used Service for the service you use third most. For all other services, select Other (Not in top 3). - Peacock | U2: Please rank each streaming service based on how often you use it. Select First Most Used Service for the streaming service you use the most. Select Second Most Used Service for the service you use second most. Select Third Most Used Service for the service you use third most. For all other services, select Other (Not in top 3). - Paramount+ | V2: Please rank each streaming service based on how often you use it. Select First Most Used Service for the streaming service you use the most. Select Second Most Used Service for the service you use second most. Select Third Most Used Service for the service you use third most. For all other services, select Other (Not in top 3). - Apple TV+ | W2: Please rank each streaming service based on how often you use it. Select First Most Used Service for the streaming service you use the most. Select Second Most Used Service for the service you use second most. Select Third Most Used Service for the service you use third most. For all other services, select Other (Not in top 3). - YouTube TV | X2: Please rank each streaming service based on how often you use it. Select First Most Used Service for the streaming service you use the most. Select Second Most Used Service for the service you use second most. Select Third Most Used Service for the service you use third most. For all other services, select Other (Not in top 3). - Other | Y2: Please indicate your level of agreement with the following statements about the streaming service you use most often. - I intend to keep using this streaming service. | Z2: Please indicate your level of agreement with the following statements about the streaming service you use most often. - This streaming service would be one of my first choices. | AA2: Please indicate your level of agreement with the following statements about the streaming service you use most often. - I would recommend this streaming service to others. | AB2: Please indicate your level of agreement with the following statements about the streaming service you use most often. - I would not easily switch to a competing streaming service. | AC2: Please indicate your level of agreement with the following statements about the streaming service you use most often. - I trust this streaming service. | AD2: How likely are you to recommend the streaming service you use most often to a friend or colleague? - Group | AE2: How likely are you to recommend the streaming service you use most often to a friend or colleague? | AF2: In the past 6 months, how often have you used the streaming service you ranked as #1? | AG2: How likely are you to cancel at least one streaming service in the next 6 months? | AH2: Have you canceled a streaming service within the past year? | AI2: What is the main reason you would continue using the streaming service you ranked as your first most used service? (Optional) | AJ2: Loyalty Index | AK2: NPS Category | AL2: Cancellation Risk | AM2: Cancelled A Service Within The Last Year
A3: 46197.701 | B3: 46198.595 | C3: 0 | D3: 174.227.87.108 | E3: 100 | F3: 77254 | G3: 1 | H3: 46198.595 | I3: R_3QYw2cwDtcLjPhS | J3: 34.195 | K3: -118.445 | L3: anonymous | M3: EN | N3: 1 | O3: 1 | Y3: 5 | Z3: 4 | AA3: 4 | AB3: 4 | AC3: 4 | AD3: 2 | AE3: 7 | AF3: 2 | AG3: 4 | AH3: 1 | AJ3: =AVERAGE(Y3:AC3) -> 4.2 | AK3: =IF(AE3>=9,"Promoter",IF(AE3>=7,"Passive","Detractor")) -> Passive | AL3: =IF(AG3>=4,"High risk","Low/moderate risk") -> High risk | AM3: =IF(AG3=1,"Yes","No") -> No
A4: 46199.714 | B4: 46199.715 | C4: 0 | D4: 47.157.11.239 | E4: 100 | F4: 119 | G4: 1 | H4: 46199.715 | I4: R_7Ic3QOXZbQv4nf3 | J4: 33.9794 | K4: -118.0609 | L4: anonymous | M4: EN | N4: 1 | O4: 43 | P4: 43 | Q4: 43 | R4: 30 | S4: 1 | T4: 43 | U4: 43 | V4: 2 | W4: 43 | X4: 43 | Y4: 4 | Z4: 3 | AA4: 5 | AB4: 4 | AC4: 4 | AD4: 1 | AE4: 5 | AF4: 2 | AG4: 2 | AH4: 1 | AI4: Prime and Apple have some good shows out right now. That’s about it. | AJ4: =AVERAGE(Y4:AC4) -> 4 | AK4: =IF(AE4>=9,"Promoter",IF(AE4>=7,"Passive","Detractor")) -> Detractor | AL4: =IF(AG4>=4,"High risk","Low/moderate risk") -> Low/moderate risk | AM4: =IF(AG4=1,"Yes","No") -> No
A5: 46199.717 | B5: 46199.718 | C5: 0 | D5: 172.118.234.9 | E5: 100 | F5: 79 | G5: 1 | H5: 46199.718 | I5: R_3ZCSRojYz3GOAY9 | J5: 33.9893 | K5: -118.089 | L5: anonymous | M5: EN | N5: 3 | O5: 1 | P5: 2 | Q5: 43 | R5: 30 | S5: 43 | T5: 30 | U5: 43 | V5: 43 | W5: 43 | X5: 43 | Y5: 5 | Z5: 5 | AA5: 5 | AB5: 5 | AC5: 5 | AD5: 2 | AE5: 7 | AF5: 2 | AG5: 5 | AH5: 2 | AJ5: =AVERAGE(Y5:AC5) -> 5 | AK5: =IF(AE5>=9,"Promoter",IF(AE5>=7,"Passive","Detractor")) -> Passive | AL5: =IF(AG5>=4,"High risk","Low/moderate risk") -> High risk | AM5: =IF(AG5=1,"Yes","No") -> No
A6: 46199.717 | B6: 46199.724 | C6: 0 | D6: 172.56.127.220 | E6: 100 | F6: 557 | G6: 1 | H6: 46199.724 | I6: R_1G6uVLcPuH1Z0Az | J6: 33.9889 | K6: -118.153 | L6: anonymous | M6: EN | N6: 1 | O6: 43 | P6: 43 | Q6: 43 | R6: 43 | S6: 43 | T6: 43 | U6: 43 | V6: 43 | W6: 43 | X6: 1 | Y6: 5 | Z6: 4 | AA6: 3 | AB6: 2 | AC6: 3 | AD6: 1 | AE6: 5 | AF6: 2 | AG6: 2 | AH6: 2 | AI6: I like how convenient it is | AJ6: =AVERAGE(Y6:AC6) -> 3.4 | AK6: =IF(AE6>=9,"Promoter",IF(AE6>=7,"Passive","Detractor")) -> Detractor | AL6: =IF(AG6>=4,"High risk","Low/moderate risk") -> Low/moderate risk | AM6: =IF(AG6=1,"Yes","No") -> No
A7: 46200.053 | B7: 46200.056 | C7: 0 | D7: 68.116.243.14 | E7: 100 | F7: 277 | G7: 1 | H7: 46200.056 | I7: R_7ygw0M6EIOY4CrW | J7: 34.1227 | K7: -118.7573 | L7: anonymous | M7: EN | N7: 1 | O7: 2 | P7: 43 | Q7: 30 | R7: 43 | S7: 43 | T7: 43 | U7: 43 | V7: 43 | W7: 1 | X7: 43 | Y7: 5 | Z7: 4 | AA7: 4 | AB7: 5 | AC7: 3 | AD7: 2 | AE7: 7 | AF7: 1 | AG7: 1 | AH7: 2 | AI7: Replaced Cable TV | AJ7: =AVERAGE(Y7:AC7) -> 4.2 | AK7: =IF(AE7>=9,"Promoter",IF(AE7>=7,"Passive","Detractor")) -> Passive | AL7: =IF(AG7>=4,"High risk","Low/moderate risk") -> Low/moderate risk | AM7: =IF(AG7=1,"Yes","No") -> Yes
A8: 46200.244 | B8: 46200.246 | C8: 0 | D8: 174.219.86.162 | E8: 100 | F8: 179 | G8: 1 | H8: 46200.246 | I8: R_5wo6bASx9q50NIt | J8: 39.884 | K8: -74.9721 | L8: anonymous | M8: EN | N8: 2 | O8: 1 | P8: 2 | Q8: 30 | R8: 43 | S8: 43 | T8: 43 | U8: 43 | V8: 43 | W8: 43 | X8: 43 | Y8: 4 | Z8: 4 | AA8: 4 | AB8: 4 | AC8: 3 | AD8: 2 | AE8: 7 | AF8: 2 | AG8: 4 | AH8: 1 | AI8: Content I want to watch, no commercials, others watching the same shows for us to talk about them | AJ8: =AVERAGE(Y8:AC8) -> 3.8 | AK8: =IF(AE8>=9,"Promoter",IF(AE8>=7,"Passive","Detractor")) -> Passive | AL8: =IF(AG8>=4,"High risk","Low/moderate risk") -> High risk | AM8: =IF(AG8=1,"Yes","No") -> No
A9: 46200.253 | B9: 46200.254 | C9: 0 | D9: 73.233.185.108 | E9: 100 | F9: 101 | G9: 1 | H9: 46200.254 | I9: R_5SvqgRsbh8VQ2MV | J9: 40.207 | K9: -75.0744 | L9: anonymous | M9: EN | N9: 1 | O9: 30 | P9: 1 | Q9: 43 | R9: 43 | S9: 43 | T9: 2 | U9: 43 | V9: 43 | W9: 43 | X9: 43 | Y9: 5 | Z9: 5 | AA9: 5 | AB9: 5 | AC9: 5 | AD9: 3 | AE9: 10 | AF9: 1 | AG9: 2 | AH9: 2 | AI9: It has all the sports games I want to watch | AJ9: =AVERAGE(Y9:AC9) -> 5 | AK9: =IF(AE9>=9,"Promoter",IF(AE9>=7,"Passive","Detractor")) -> Promoter | AL9: =IF(AG9>=4,"High risk","Low/moderate risk") -> Low/moderate risk | AM9: =IF(AG9=1,"Yes","No") -> No
A10: 46200.256 | B10: 46200.257 | C10: 0 | D10: 107.127.13.55 | E10: 100 | F10: 82 | G10: 1 | H10: 46200.257 | I10: R_3ZUNk2hyCuw5ZBf | J10: 39.6635 | K10: -84.2439 | L10: anonymous | M10: EN | N10: 1 | O10: 1 | P10: 2 | Q10: 30 | R10: 43 | S10: 43 | T10: 43 | U10: 43 | V10: 43 | W10: 43 | X10: 43 | Y10: 1 | Z10: 1 | AA10: 3 | AB10: 4 | AC10: 3 | AD10: 1 | AE10: 3 | AF10: 1 | AG10: 5 | AH10: 1 | AI10: Variety of content | AJ10: =AVERAGE(Y10:AC10) -> 2.4 | AK10: =IF(AE10>=9,"Promoter",IF(AE10>=7,"Passive","Detractor")) -> Detractor | AL10: =IF(AG10>=4,"High risk","Low/moderate risk") -> High risk | AM10: =IF(AG10=1,"Yes","No") -> No
A11: 46200.258 | B11: 46200.259 | C11: 0 | D11: 73.230.83.35 | E11: 100 | F11: 80 | G11: 1 | H11: 46200.259 | I11: R_7tyPefbIqpeZzUt | J11: 40.3102 | K11: -76.0388 | L11: anonymous | M11: EN | N11: 1 | O11: 1 | P11: 43 | Q11: 43 | R11: 43 | S11: 43 | T11: 30 | U11: 43 | V11: 43 | W11: 2 | X11: 43 | Y11: 4 | Z11: 4 | AA11: 4 | AB11: 4 | AC11: 4 | AD11: 3 | AE11: 10 | AF11: 2 | AG11: 1 | AH11: 2 | AJ11: =AVERAGE(Y11:AC11) -> 4 | AK11: =IF(AE11>=9,"Promoter",IF(AE11>=7,"Passive","Detractor")) -> Promoter | AL11: =IF(AG11>=4,"High risk","Low/moderate risk") -> Low/moderate risk | AM11: =IF(AG11=1,"Yes","No") -> Yes
A12: 46200.261 | B12: 46200.262 | C12: 0 | D12: 107.222.119.137 | E12: 100 | F12: 122 | G12: 1 | H12: 46200.262 | I12: R_54ejdoXRz9glW4V | J12: 37.7548 | K12: -84.2985 | L12: anonymous | M12: EN | N12: 1 | O12: 1 | P12: 43 | Q12: 43 | R12: 2 | S12: 30 | T12: 43 | U12: 43 | V12: 43 | W12: 43 | X12: 43 | Y12: 5 | Z12: 5 | AA12: 5 | AB12: 4 | AC12: 3 | AD12: 2 | AE12: 8 | AF12: 2 | AG12: 4 | AH12: 1 | AJ12: =AVERAGE(Y12:AC12) -> 4.4 | AK12: =IF(AE12>=9,"Promoter",IF(AE12>=7,"Passive","Detractor")) -> Passive | AL12: =IF(AG12>=4,"High risk","Low/moderate risk") -> High risk | AM12: =IF(AG12=1,"Yes","No") -> No
A13: 46200.263 | B13: 46200.265 | C13: 0 | D13: 46.110.82.38 | E13: 100 | F13: 170 | G13: 1 | H13: 46200.265 | I13: R_3RAxeVk1gybD4UV | J13: 41.5749 | K13: -90.6087 | L13: anonymous | M13: EN | N13: 1 | O13: 1 | P13: 43 | Q13: 2 | R13: 43 | S13: 30 | T13: 43 | U13: 43 | V13: 43 | W13: 43 | X13: 43 | Y13: 5 | Z13: 5 | AA13: 5 | AB13: 4 | AC13: 4 | AD13: 2 | AE13: 8 | AF13: 1 | AG13: 2 | AH13: 2 | AJ13: =AVERAGE(Y13:AC13) -> 4.6 | AK13: =IF(AE13>=9,"Promoter",IF(AE13>=7,"Passive","Detractor")) -> Passive | AL13: =IF(AG13>=4,"High risk","Low/moderate risk") -> Low/moderate risk | AM13: =IF(AG13=1,"Yes","No") -> No
A14: 46200.263 | B14: 46200.267 | C14: 0 | D14: 71.92.166.245 | E14: 100 | F14: 351 | G14: 1 | H14: 46200.267 | I14: R_741Vhs9459RUFHm | J14: 39.6261 | K14: -119.6996 | L14: anonymous | M14: EN | N14: 1 | O14: 30 | P14: 43 | Q14: 43 | R14: 43 | S14: 1 | T14: 43 | U14: 2 | V14: 43 | W14: 43 | X14: 43 | Y14: 5 | Z14: 5 | AA14: 5 | AB14: 2 | AC14: 3 | AD14: 2 | AE14: 8 | AF14: 2 | AG14: 4 | AH14: 1 | AI14: It has the best variety for my interests, and secondly it is seamlessly integrated to my Amazon usage making it feel like a package deal, finally it feels like a good value for what comes for free and I appreciate that items for purchase are available and reasonable. | AJ14: =AVERAGE(Y14:AC14) -> 4 | AK14: =IF(AE14>=9,"Promoter",IF(AE14>=7,"Passive","Detractor")) -> Passive | AL14: =IF(AG14>=4,"High risk","Low/moderate risk") -> High risk | AM14: =IF(AG14=1,"Yes","No") -> No
A15: 46200.266 | B15: 46200.267 | C15: 0 | D15: 76.150.200.50 | E15: 100 | F15: 152 | G15: 1 | H15: 46200.267 | I15: R_72ZSk6QvARSSrvj | J15: 42.2739 | K15: -89.0474 | L15: anonymous | M15: EN | N15: 2 | O15: 30 | P15: 1 | Q15: 2 | R15: 43 | S15: 30 | T15: 43 | U15: 43 | V15: 43 | W15: 43 | X15: 43 | Y15: 4 | Z15: 4 | AA15: 3 | AB15: 3 | AC15: 3 | AD15: 2 | AE15: 7 | AF15: 1 | AG15: 3 | AH15: 1 | AJ15: =AVERAGE(Y15:AC15) -> 3.4 | AK15: =IF(AE15>=9,"Promoter",IF(AE15>=7,"Passive","Detractor")) -> Passive | AL15: =IF(AG15>=4,"High risk","Low/moderate risk") -> Low/moderate risk | AM15: =IF(AG15=1,"Yes","No") -> No
A16: 46200.268 | B16: 46200.269 | C16: 0 | D16: 98.115.250.207 | E16: 100 | F16: 102 | G16: 1 | H16: 46200.269 | I16: R_5q3TSQI6QGhhCzT | J16: 40.2163 | K16: -74.7724 | L16: anonymous | M16: EN | N16: 1 | O16: 1 | P16: 43 | Q16: 2 | R16: 30 | S16: 43 | T16: 43 | U16: 43 | V16: 43 | W16: 43 | X16: 43 | Y16: 5 | Z16: 5 | AA16: 5 | AB16: 4 | AC16: 4 | AD16: 3 | AE16: 10 | AF16: 2 | AG16: 2 | AH16: 2 | AI16: I have kids who enjoy most of the content | AJ16: =AVERAGE(Y16:AC16) -> 4.6 | AK16: =IF(AE16>=9,"Promoter",IF(AE16>=7,"Passive","Detractor")) -> Promoter | AL16: =IF(AG16>=4,"High risk","Low/moderate risk") -> Low/moderate risk | AM16: =IF(AG16=1,"Yes","No") -> No
A17: 46200.277 | B17: 46200.28 | C17: 0 | D17: 68.95.99.9 | E17: 100 | F17: 212 | G17: 1 | H17: 46200.28 | I17: R_674sTQixyebtHsl | J17: 35.2426 | K17: -80.741 | L17: anonymous | M17: EN | N17: 1 | O17: 1 | P17: 43 | Q17: 43 | R17: 43 | S17: 30 | T17: 43 | U17: 43 | V17: 2 | W17: 43 | X17: 43 | Y17: 5 | Z17: 5 | AA17: 5 | AB17: 5 | AC17: 5 | AD17: 3 | AE17: 10 | AF17: 2 | AG17: 1 | AH17: 1 | AI17: Frequency in new material and renewed series | AJ17: =AVERAGE(Y17:AC17) -> 5 | AK17: =IF(AE17>=9,"Promoter",IF(AE17>=7,"Passive","Detractor")) -> Promoter | AL17: =IF(AG17>=4,"High risk","Low/moderate risk") -> Low/moderate risk | AM17: =IF(AG17=1,"Yes","No") -> Yes
A18: 46200.297 | B18: 46200.298 | C18: 0 | D18: 166.198.251.117 | E18: 100 | F18: 117 | G18: 1 | H18: 46200.298 | I18: R_7I6sxMMUhTZTXd0 | J18: 39.9587 | K18: -82.9987 | L18: anonymous | M18: EN | N18: 1 | O18: 1 | P18: 30 | Q18: 2 | R18: 43 | S18: 43 | T18: 43 | U18: 43 | V18: 43 | W18: 43 | X18: 43 | Y18: 4 | Z18: 4 | AA18: 4 | AB18: 3 | AC18: 4 | AD18: 2 | AE18: 7 | AF18: 1 | AG18: 2 | AH18: 1 | AJ18: =AVERAGE(Y18:AC18) -> 3.8 | AK18: =IF(AE18>=9,"Promoter",IF(AE18>=7,"Passive","Detractor")) -> Passive | AL18: =IF(AG18>=4,"High risk","Low/moderate risk") -> Low/moderate risk | AM18: =IF(AG18=1,"Yes","No") -> No
A19: 46200.303 | B19: 46200.304 | C19: 0 | D19: 174.228.98.187 | E19: 100 | F19: 98 | G19: 1 | H19: 46200.304 | I19: R_6M4Bm4UdqQZ7cGe | J19: 41.8502 | K19: -87.6736 | L19: anonymous | M19: EN | N19: 1 | O19: 2 | P19: 30 | Q19: 43 | R19: 43 | S19: 43 | T19: 43 | U19: 43 | V19: 43 | W19: 1 | X19: 43 | Y19: 5 | Z19: 4 | AA19: 4 | AB19: 2 | AC19: 4 | AD19: 3 | AE19: 9 | AF19: 1 | AG19: 4 | AH19: 1 | AI19: Cost | AJ19: =AVERAGE(Y19:AC19) -> 3.8 | AK19: =IF(AE19>=9,"Promoter",IF(AE19>=7,"Passive","Detractor")) -> Promoter | AL19: =IF(AG19>=4,"High risk","Low/moderate risk") -> High risk | AM19: =IF(AG19=1,"Yes","No") -> No
A20: 46200.316 | B20: 46200.318 | C20: 0 | D20: 69.129.201.139 | E20: 100 | F20: 133 | G20: 1 | H20: 46200.318 | I20: R_6WBwbe6eGhcNDO9 | J20: 42.9958 | K20: -89.5499 | L20: anonymous | M20: EN | N20: 1 | O20: 43 | P20: 43 | Q20: 43 | R20: 1 | S20: 43 | T20: 30 | U20: 43 | V20: 2 | W20: 43 | X20: 43 | Y20: 5 | Z20: 4 | AA20: 3 | AB20: 4 | AC20: 2 | AD20: 1 | AE20: 6 | AF20: 2 | AG20: 5 | AH20: 1 | AI20: Options and movies | AJ20: =AVERAGE(Y20:AC20) -> 3.6 | AK20: =IF(AE20>=9,"Promoter",IF(AE20>=7,"Passive","Detractor")) -> Detractor | AL20: =IF(AG20>=4,"High risk","Low/moderate risk") -> High risk | AM20: =IF(AG20=1,"Yes","No") -> No
A21: 46200.321 | B21: 46200.324 | C21: 0 | D21: 45.50.19.40 | E21: 100 | F21: 243 | G21: 1 | H21: 46200.324 | I21: R_63UXNUwfBX2rEzr | J21: 33.93 | K21: -117.9477 | L21: anonymous | M21: EN | N21: 1 | O21: 2 | S21: 1 | T21: 43 | U21: 30 | V21: 43 | Y21: 5 | Z21: 4 | AA21: 4 | AB21: 4 | AC21: 3 | AD21: 3 | AE21: 9 | AF21: 2 | AG21: 2 | AH21: 2 | AI21: Wide variety of great programs, movies | AJ21: =AVERAGE(Y21:AC21) -> 4 | AK21: =IF(AE21>=9,"Promoter",IF(AE21>=7,"Passive","Detractor")) -> Promoter | AL21: =IF(AG21>=4,"High risk","Low/moderate risk") -> Low/moderate risk | AM21: =IF(AG21=1,"Yes","No") -> No
A22: 46200.329 | B22: 46200.331 | C22: 0 | D22: 98.187.137.233 | E22: 100 | F22: 139 | G22: 1 | H22: 46200.331 | I22: R_31cSuUcibJ2P67v | J22: 36.1805 | K22: -94.5304 | L22: anonymous | M22: EN | N22: 1 | O22: 30 | P22: 43 | Q22: 1 | R22: 43 | S22: 43 | T22: 2 | U22: 43 | V22: 43 | W22: 43 | X22: 43 | Y22: 5 | Z22: 5 | AA22: 5 | AB22: 3 | AC22: 5 | AD22: 3 | AE22: 10 | AF22: 1 | AG22: 5 | AH22: 1 | AI22: It has content that I love. It isn't glitchy | AJ22: =AVERAGE(Y22:AC22) -> 4.6 | AK22: =IF(AE22>=9,"Promoter",IF(AE22>=7,"Passive","Detractor")) -> Promoter | AL22: =IF(AG22>=4,"High risk","Low/moderate risk") -> High risk | AM22: =IF(AG22=1,"Yes","No") -> No
A23: 46200.352 | B23: 46200.355 | C23: 0 | D23: 174.218.82.218 | E23: 100 | F23: 235 | G23: 1 | H23: 46200.355 | I23: R_6qId9hle9eQrLEZ | J23: 34.0587 | K23: -118.2781 | L23: anonymous | M23: EN | N23: 1 | O23: 30 | P23: 43 | Q23: 43 | R23: 43 | S23: 2 | T23: 43 | U23: 43 | V23: 43 | W23: 1 | X23: 43 | Y23: 5 | Z23: 5 | AA23: 5 | AB23: 5 | AC23: 5 | AD23: 3 | AE23: 10 | AF23: 1 | AG23: 2 | AH23: 2 | AJ23: =AVERAGE(Y23:AC23) -> 5 | AK23: =IF(AE23>=9,"Promoter",IF(AE23>=7,"Passive","Detractor")) -> Promoter | AL23: =IF(AG23>=4,"High risk","Low/moderate risk") -> Low/moderate risk | AM23: =IF(AG23=1,"Yes","No") -> No
A24: 46200.357 | B24: 46200.359 | C24: 0 | D24: 166.194.188.73 | E24: 100 | F24: 146 | G24: 1 | H24: 46200.359 | I24: R_7S2dmfcImtPm61L | J24: 40.1586 | K24: -75.282 | L24: anonymous | M24: EN | N24: 1 | O24: 1 | P24: 30 | Q24: 43 | R24: 43 | S24: 2 | T24: 43 | U24: 43 | V24: 43 | W24: 43 | X24: 43 | Y24: 5 | Z24: 4 | AA24: 4 | AB24: 3 | AC24: 3 | AD24: 2 | AE24: 8 | AF24: 2 | AG24: 4 | AH24: 1 | AI24: Ease of use | AJ24: =AVERAGE(Y24:AC24) -> 3.8 | AK24: =IF(AE24>=9,"Promoter",IF(AE24>=7,"Passive","Detractor")) -> Passive | AL24: =IF(AG24>=4,"High risk","Low/moderate risk") -> High risk | AM24: =IF(AG24=1,"Yes","No") -> No
A25: 46200.382 | B25: 46200.384 | C25: 0 | D25: 96.8.181.44 | E25: 100 | F25: 112 | G25: 1 | H25: 46200.384 | I25: R_56mwUxLsllClm0k | J25: 29.7026 | K25: -98.4759 | L25: anonymous | M25: EN | N25: 1 | O25: 1 | P25: 2 | Q25: 30 | R25: 43 | S25: 43 | V25: 43 | Y25: 5 | Z25: 4 | AA25: 4 | AB25: 2 | AC25: 3 | AD25: 2 | AE25: 7 | AF25: 1 | AG25: 1 | AH25: 2 | AI25: New shows and movies | AJ25: =AVERAGE(Y25:AC25) -> 3.6 | AK25: =IF(AE25>=9,"Promoter",IF(AE25>=7,"Passive","Detractor")) -> Passive | AL25: =IF(AG25>=4,"High risk","Low/moderate risk") -> Low/moderate risk | AM25: =IF(AG25=1,"Yes","No") -> Yes
A26: 46200.419 | B26: 46200.421 | C26: 0 | D26: 166.194.143.48 | E26: 100 | F26: 95 | G26: 1 | H26: 46200.421 | I26: R_3Vm4Mn3XmtQFOBW | J26: 33.4683 | K26: -112.0549 | L26: anonymous | M26: EN | N26: 1 | O26: 1 | P26: 2 | Q26: 43 | R26: 43 | S26: 30 | T26: 43 | U26: 43 | V26: 43 | W26: 43 | X26: 43 | Y26: 5 | Z26: 4 | AA26: 4 | AB26: 3 | AC26: 3 | AD26: 2 | AE26: 7 | AF26: 1 | AG26: 3 | AH26: 1 | AJ26: =AVERAGE(Y26:AC26) -> 3.8 | AK26: =IF(AE26>=9,"Promoter",IF(AE26>=7,"Passive","Detractor")) -> Passive | AL26: =IF(AG26>=4,"High risk","Low/moderate risk") -> Low/moderate risk | AM26: =IF(AG26=1,"Yes","No") -> No
A27: 46200.454 | B27: 46200.457 | C27: 0 | D27: 174.233.182.53 | E27: 100 | F27: 193 | G27: 1 | H27: 46200.457 | I27: R_3hxT0Fa09x9ob3E | J27: 41.923 | K27: -87.7531 | L27: anonymous | M27: EN | N27: 3 | O27: 43 | P27: 43 | Q27: 43 | R27: 43 | S27: 2 | T27: 1 | U27: 30 | V27: 43 | W27: 43 | X27: 43 | Y27: 4 | Z27: 4 | AA27: 4 | AB27: 2 | AC27: 4 | AD27: 2 | AE27: 7 | AF27: 2 | AG27: 2 | AH27: 2 | AJ27: =AVERAGE(Y27:AC27) -> 3.6 | AK27: =IF(AE27>=9,"Promoter",IF(AE27>=7,"Passive","Detractor")) -> Passive | AL27: =IF(AG27>=4,"High risk","Low/moderate risk") -> Low/moderate risk | AM27: =IF(AG27=1,"Yes","No") -> No
A28: 46200.459 | B28: 46200.46 | C28: 0 | D28: 199.33.97.219 | E28: 100 | F28: 122 | G28: 1 | H28: 46200.46 | I28: R_62VmvvQJeNs4z42 | J28: 36.0154 | K28: -83.4149 | L28: anonymous | M28: EN | N28: 1 | O28: 1 | P28: 2 | Q28: 30 | R28: 43 | S28: 43 | T28: 43 | U28: 43 | V28: 43 | W28: 43 | X28: 43 | Y28: 5 | Z28: 5 | AA28: 5 | AB28: 3 | AC28: 4 | AD28: 2 | AE28: 7 | AF28: 1 | AG28: 3 | AH28: 1 | AI28: Most options that I enjoy | AJ28: =AVERAGE(Y28:AC28) -> 4.4 | AK28: =IF(AE28>=9,"Promoter",IF(AE28>=7,"Passive","Detractor")) -> Passive | AL28: =IF(AG28>=4,"High risk","Low/moderate risk") -> Low/moderate risk | AM28: =IF(AG28=1,"Yes","No") -> No
A29: 46200.507 | B29: 46200.512 | C29: 0 | D29: 45.50.19.40 | E29: 100 | F29: 393 | G29: 1 | H29: 46200.512 | I29: R_1QfFOKZrH3G9PKo | J29: 33.93 | K29: -117.9477 | L29: anonymous | M29: EN | N29: 2 | O29: 30 | P29: 43 | Q29: 43 | R29: 43 | S29: 1 | T29: 43 | U29: 2 | V29: 43 | W29: 43 | X29: 43 | Y29: 1 | Z29: 1 | AA29: 1 | AB29: 1 | AC29: 1 | AD29: 3 | AE29: 10 | AF29: 1 | AG29: 3 | AH29: 2 | AJ29: =AVERAGE(Y29:AC29) -> 1 | AK29: =IF(AE29>=9,"Promoter",IF(AE29>=7,"Passive","Detractor")) -> Promoter | AL29: =IF(AG29>=4,"High risk","Low/moderate risk") -> Low/moderate risk | AM29: =IF(AG29=1,"Yes","No") -> No
A30: 46200.51 | B30: 46200.512 | C30: 0 | D30: 172.56.221.80 | E30: 100 | F30: 192 | G30: 1 | H30: 46200.512 | I30: R_6Qrk0Vn5jyvsyZb | J30: 40.0598 | K30: -75.1448 | L30: anonymous | M30: EN | N30: 1 | O30: 43 | P30: 43 | Q30: 43 | R30: 1 | S30: 2 | T30: 43 | U30: 1 | V30: 43 | W30: 43 | X30: 43 | Y30: 5 | Z30: 5 | AA30: 5 | AB30: 3 | AC30: 5 | AD30: 3 | AE30: 10 | AF30: 1 | AG30: 3 | AH30: 2 | AJ30: =AVERAGE(Y30:AC30) -> 4.6 | AK30: =IF(AE30>=9,"Promoter",IF(AE30>=7,"Passive","Detractor")) -> Promoter | AL30: =IF(AG30>=4,"High risk","Low/moderate risk") -> Low/moderate risk | AM30: =IF(AG30=1,"Yes","No") -> No
A31: 46200.517 | B31: 46200.518 | C31: 0 | D31: 46.110.178.68 | E31: 100 | F31: 124 | G31: 1 | H31: 46200.518 | I31: R_5eeqaPh4tM7RVBA | J31: 41.4943 | K31: -90.5001 | L31: anonymous | M31: EN | N31: 1 | O31: 1 | P31: 43 | Q31: 43 | R31: 30 | S31: 43 | T31: 43 | U31: 43 | V31: 2 | W31: 43 | X31: 43 | Y31: 4 | Z31: 4 | AA31: 4 | AB31: 3 | AC31: 3 | AD31: 2 | AE31: 7 | AF31: 2 | AG31: 4 | AH31: 2 | AI31: Variety of options that rotate and no ads | AJ31: =AVERAGE(Y31:AC31) -> 3.6 | AK31: =IF(AE31>=9,"Promoter",IF(AE31>=7,"Passive","Detractor")) -> Passive | AL31: =IF(AG31>=4,"High risk","Low/moderate risk") -> High risk | AM31: =IF(AG31=1,"Yes","No") -> No
A32: 46200.531 | B32: 46200.533 | C32: 0 | D32: 96.235.170.163 | E32: 100 | F32: 112 | G32: 1 | H32: 46200.533 | I32: R_1kjrMugsCpQsw1j | J32: 40.2381 | K32: -74.7822 | L32: anonymous | M32: EN | N32: 1 | O32: 30 | P32: 43 | Q32: 2 | R32: 43 | S32: 1 | T32: 43 | U32: 43 | V32: 43 | W32: 43 | X32: 43 | Y32: 5 | Z32: 4 | AA32: 3 | AB32: 3 | AC32: 3 | AD32: 1 | AE32: 5 | AF32: 3 | AG32: 4 | AH32: 1 | AJ32: =AVERAGE(Y32:AC32) -> 3.6 | AK32: =IF(AE32>=9,"Promoter",IF(AE32>=7,"Passive","Detractor")) -> Detractor | AL32: =IF(AG32>=4,"High risk","Low/moderate risk") -> High risk | AM32: =IF(AG32=1,"Yes","No") -> No
A33: 46200.545 | B33: 46200.547 | C33: 0 | D33: 174.65.124.151 | E33: 100 | F33: 200 | G33: 1 | H33: 46200.547 | I33: R_1nJhS6UMRhoehhW | J33: 33.1097 | K33: -117.067 | L33: anonymous | M33: EN | N33: 1 | O33: 43 | P33: 1 | Q33: 43 | R33: 30 | S33: 43 | T33: 2 | U33: 2 | V33: 43 | W33: 43 | X33: 43 | Y33: 4 | Z33: 3 | AA33: 3 | AB33: 2 | AC33: 2 | AD33: 1 | AE33: 3 | AF33: 3 | AG33: 5 | AH33: 1 | AI33: The show I like is on it | AJ33: =AVERAGE(Y33:AC33) -> 2.8 | AK33: =IF(AE33>=9,"Promoter",IF(AE33>=7,"Passive","Detractor")) -> Detractor | AL33: =IF(AG33>=4,"High risk","Low/moderate risk") -> High risk | AM33: =IF(AG33=1,"Yes","No") -> No
A34: 46200.546 | B34: 46200.55 | C34: 0 | D34: 68.252.20.239 | E34: 100 | F34: 394 | G34: 1 | H34: 46200.551 | I34: R_1NVEsiRhTQYOGq1 | J34: 26.4141 | K34: -80.0972 | L34: anonymous | M34: EN | N34: 1 | O34: 2 | P34: 43 | Q34: 43 | R34: 1 | S34: 43 | T34: 43 | U34: 43 | V34: 30 | W34: 43 | X34: 43 | Y34: 5 | Z34: 5 | AA34: 5 | AB34: 5 | AC34: 5 | AD34: 3 | AE34: 10 | AF34: 2 | AG34: 1 | AH34: 2 | AJ34: =AVERAGE(Y34:AC34) -> 5 | AK34: =IF(AE34>=9,"Promoter",IF(AE34>=7,"Passive","Detractor")) -> Promoter | AL34: =IF(AG34>=4,"High risk","Low/moderate risk") -> Low/moderate risk | AM34: =IF(AG34=1,"Yes","No") -> Yes
A35: 46200.551 | B35: 46200.551 | C35: 0 | D35: 125.103.25.178 | E35: 100 | F35: 69 | G35: 1 | H35: 46200.551 | I35: R_4ikSj029XCm4KgV | J35: 35.6017 | K35: 139.7431 | L35: anonymous | M35: EN | N35: 1 | O35: 1 | P35: 2 | Q35: 43 | R35: 43 | S35: 30 | T35: 43 | U35: 43 | V35: 43 | W35: 43 | X35: 43 | Y35: 1 | Z35: 1 | AA35: 1 | AB35: 3 | AC35: 3 | AD35: 3 | AE35: 10 | AF35: 1 | AG35: 4 | AH35: 1 | AJ35: =AVERAGE(Y35:AC35) -> 1.8 | AK35: =IF(AE35>=9,"Promoter",IF(AE35>=7,"Passive","Detractor")) -> Promoter | AL35: =IF(AG35>=4,"High risk","Low/moderate risk") -> High risk | AM35: =IF(AG35=1,"Yes","No") -> No
A36: 46200.552 | B36: 46200.554 | C36: 0 | D36: 68.252.20.239 | E36: 100 | F36: 183 | G36: 1 | H36: 46200.554 | I36: R_5rw7fSu7o833noW | J36: 26.4141 | K36: -80.0972 | L36: anonymous | M36: EN | N36: 1 | O36: 1 | P36: 30 | Q36: 30 | R36: 2 | S36: 43 | T36: 30 | U36: 30 | V36: 2 | W36: 43 | X36: 43 | Y36: 3 | Z36: 3 | AA36: 3 | AB36: 3 | AC36: 3 | AD36: 1 | AE36: 6 | AF36: 1 | AG36: 3 | AH36: 2 | AI36: Good movies | AJ36: =AVERAGE(Y36:AC36) -> 3 | AK36: =IF(AE36>=9,"Promoter",IF(AE36>=7,"Passive","Detractor")) -> Detractor | AL36: =IF(AG36>=4,"High risk","Low/moderate risk") -> Low/moderate risk | AM36: =IF(AG36=1,"Yes","No") -> No
A37: 46200.602 | B37: 46200.604 | C37: 0 | D37: 70.95.14.154 | E37: 100 | F37: 125 | G37: 1 | H37: 46200.604 | I37: R_6mVqrmvvNS4opfb | J37: 32.9164 | K37: -117.1393 | L37: anonymous | M37: EN | N37: 2 | O37: 1 | P37: 43 | Q37: 43 | R37: 30 | S37: 43 | T37: 2 | U37: 43 | V37: 43 | W37: 43 | X37: 43 | Y37: 5 | Z37: 5 | AA37: 5 | AB37: 5 | AC37: 5 | AD37: 3 | AE37: 10 | AF37: 1 | AG37: 2 | AH37: 2 | AJ37: =AVERAGE(Y37:AC37) -> 5 | AK37: =IF(AE37>=9,"Promoter",IF(AE37>=7,"Passive","Detractor")) -> Promoter | AL37: =IF(AG37>=4,"High risk","Low/moderate risk") -> Low/moderate risk | AM37: =IF(AG37=1,"Yes","No") -> No
A38: 46200.569 | B38: 46200.664 | C38: 0 | D38: 73.165.241.59 | E38: 100 | F38: 8183 | G38: 1 | H38: 46200.664 | I38: R_7Su948qzfQifJnT | J38: 40.0146 | K38: -75.7136 | L38: anonymous | M38: EN | N38: 1 | O38: 43 | P38: 30 | Q38: 43 | R38: 43 | S38: 2 | T38: 43 | U38: 43 | V38: 43 | W38: 1 | X38: 43 | Y38: 3 | Z38: 3 | AA38: 4 | AB38: 3 | AC38: 3 | AD38: 1 | AE38: 6 | AF38: 1 | AG38: 2 | AH38: 2 | AI38: Affordability | AJ38: =AVERAGE(Y38:AC38) -> 3.2 | AK38: =IF(AE38>=9,"Promoter",IF(AE38>=7,"Passive","Detractor")) -> Detractor | AL38: =IF(AG38>=4,"High risk","Low/moderate risk") -> Low/moderate risk | AM38: =IF(AG38=1,"Yes","No") -> No
A39: 46200.707 | B39: 46200.708 | C39: 0 | D39: 71.188.87.72 | E39: 100 | F39: 146 | G39: 1 | H39: 46200.708 | I39: R_5soXWh4QWeArnpx | J39: 40.3344 | K39: -74.795 | L39: anonymous | M39: EN | N39: 1 | O39: 43 | P39: 1 | Q39: 43 | R39: 2 | S39: 30 | T39: 43 | U39: 43 | V39: 43 | W39: 43 | X39: 43 | Y39: 5 | Z39: 1 | AA39: 5 | AB39: 5 | AC39: 5 | AD39: 3 | AE39: 10 | AF39: 1 | AG39: 1 | AH39: 2 | AJ39: =AVERAGE(Y39:AC39) -> 4.2 | AK39: =IF(AE39>=9,"Promoter",IF(AE39>=7,"Passive","Detractor")) -> Promoter | AL39: =IF(AG39>=4,"High risk","Low/moderate risk") -> Low/moderate risk | AM39: =IF(AG39=1,"Yes","No") -> Yes

Sheet Cleaned Data
A1: StartDate | B1: EndDate | C1: Status | D1: IPAddress | E1: Progress | F1: Duration (in seconds) | G1: Finished | H1: RecordedDate | I1: ResponseId | J1: LocationLatitude | K1: LocationLongitude | L1: DistributionChannel | M1: UserLanguage | N1: Q1 | O1: Q2_1 | P1: Q2_2 | Q1: Q2_3 | R1: Q2_4 | S1: Q2_5 | T1: Q2_6 | U1: Q2_7 | V1: Q2_8 | W1: Q2_9 | X1: Q2_10 | Y1: Q3_1 | Z1: Q3_2 | AA1: Q3_3 | AB1: Q3_4 | AC1: Q3_5 | AD1: Q4_NPS_GROUP | AE1: Q4 | AF1: Q5 | AG1: Q6 | AH1: Q7 | AI1: Q8
A2: Start Date | B2: End Date | C2: Response Type | D2: IP Address | E2: Progress | F2: Duration (in seconds) | G2: Finished | H2: Recorded Date | I2: Response ID | J2: Location Latitude | K2: Location Longitude | L2: Distribution Channel | M2: User Language | N2: Which statement best describes your role in streaming service decisions for your household? | O2: Please rank each streaming service based on how often you use it. Select First Most Used Service for the streaming service you use the most. Select Second Most Used Service for the service you use second most. Select Third Most Used Service for the service you use third most. For all other services, select Other (Not in top 3). - Netflix | P2: Please rank each streaming service based on how often you use it. Select First Most Used Service for the streaming service you use the most. Select Second Most Used Service for the service you use second most. Select Third Most Used Service for the service you use third most. For all other services, select Other (Not in top 3). - Hulu | Q2: Please rank each streaming service based on how often you use it. Select First Most Used Service for the streaming service you use the most. Select Second Most Used Service for the service you use second most. Select Third Most Used Service for the service you use third most. For all other services, select Other (Not in top 3). - Disney+ | R2: Please rank each streaming service based on how often you use it. Select First Most Used Service for the streaming service you use the most. Select Second Most Used Service for the service you use second most. Select Third Most Used Service for the service you use third most. For all other services, select Other (Not in top 3). - Max | S2: Please rank each streaming service based on how often you use it. Select First Most Used Service for the streaming service you use the most. Select Second Most Used Service for the service you use second most. Select Third Most Used Service for the service you use third most. For all other services, select Other (Not in top 3). - Prime Video | T2: Please rank each streaming service based on how often you use it. Select First Most Used Service for the streaming service you use the most. Select Second Most Used Service for the service you use second most. Select Third Most Used Service for the service you use third most. For all other services, select Other (Not in top 3). - Peacock | U2: Please rank each streaming service based on how often you use it. Select First Most Used Service for the streaming service you use the most. Select Second Most Used Service for the service you use second most. Select Third Most Used Service for the service you use third most. For all other services, select Other (Not in top 3). - Paramount+ | V2: Please rank each streaming service based on how often you use it. Select First Most Used Service for the streaming service you use the most. Select Second Most Used Service for the service you use second most. Select Third Most Used Service for the service you use third most. For all other services, select Other (Not in top 3). - Apple TV+ | W2: Please rank each streaming service based on how often you use it. Select First Most Used Service for the streaming service you use the most. Select Second Most Used Service for the service you use second most. Select Third Most Used Service for the service you use third most. For all other services, select Other (Not in top 3). - YouTube TV | X2: Please rank each streaming service based on how often you use it. Select First Most Used Service for the streaming service you use the most. Select Second Most Used Service for the service you use second most. Select Third Most Used Service for the service you use third most. For all other services, select Other (Not in top 3). - Other | Y2: Please indicate your level of agreement with the following statements about the streaming service you use most often. - I intend to keep using this streaming service. | Z2: Please indicate your level of agreement with the following statements about the streaming service you use most often. - This streaming service would be one of my first choices. | AA2: Please indicate your level of agreement with the following statements about the streaming service you use most often. - I would recommend this streaming service to others. | AB2: Please indicate your level of agreement with the following statements about the streaming service you use most often. - I would not easily switch to a competing streaming service. | AC2: Please indicate your level of agreement with the following statements about the streaming service you use most often. - I trust this streaming service. | AD2: How likely are you to recommend the streaming service you use most often to a friend or colleague? - Group | AE2: How likely are you to recommend the streaming service you use most often to a friend or colleague? | AF2: In the past 6 months, how often have you used the streaming service you ranked as #1? | AG2: How likely are you to cancel at least one streaming service in the next 6 months? | AH2: Have you canceled a streaming service within the past year? | AI2: What is the main reason you would continue using the streaming service you ranked as your first most used service? (Optional)
A3: 46197.701 | B3: 46198.595 | C3: 0 | D3: 174.227.87.108 | E3: 100 | F3: 77254 | G3: 1 | H3: 46198.595 | I3: R_3QYw2cwDtcLjPhS | J3: 34.195 | K3: -118.445 | L3: anonymous | M3: EN | N3: 1 | O3: 1 | Y3: 5 | Z3: 4 | AA3: 4 | AB3: 4 | AC3: 4 | AD3: 2 | AE3: 7 | AF3: 2 | AG3: 4 | AH3: 1
A4: 46199.714 | B4: 46199.715 | C4: 0 | D4: 47.157.11.239 | E4: 100 | F4: 119 | G4: 1 | H4: 46199.715 | I4: R_7Ic3QOXZbQv4nf3 | J4: 33.9794 | K4: -118.0609 | L4: anonymous | M4: EN | N4: 1 | O4: 43 | P4: 43 | Q4: 43 | R4: 30 | S4: 1 | T4: 43 | U4: 43 | V4: 2 | W4: 43 | X4: 43 | Y4: 4 | Z4: 3 | AA4: 5 | AB4: 4 | AC4: 4 | AD4: 1 | AE4: 5 | AF4: 2 | AG4: 2 | AH4: 1 | AI4: Prime and Apple have some good shows out right now. That’s about it.
A5: 46199.717 | B5: 46199.718 | C5: 0 | D5: 172.118.234.9 | E5: 100 | F5: 79 | G5: 1 | H5: 46199.718 | I5: R_3ZCSRojYz3GOAY9 | J5: 33.9893 | K5: -118.089 | L5: anonymous | M5: EN | N5: 3 | O5: 1 | P5: 2 | Q5: 43 | R5: 30 | S5: 43 | T5: 30 | U5: 43 | V5: 43 | W5: 43 | X5: 43 | Y5: 5 | Z5: 5 | AA5: 5 | AB5: 5 | AC5: 5 | AD5: 2 | AE5: 7 | AF5: 2 | AG5: 5 | AH5: 2
A6: 46199.717 | B6: 46199.724 | C6: 0 | D6: 172.56.127.220 | E6: 100 | F6: 557 | G6: 1 | H6: 46199.724 | I6: R_1G6uVLcPuH1Z0Az | J6: 33.9889 | K6: -118.153 | L6: anonymous | M6: EN | N6: 1 | O6: 43 | P6: 43 | Q6: 43 | R6: 43 | S6: 43 | T6: 43 | U6: 43 | V6: 43 | W6: 43 | X6: 1 | Y6: 5 | Z6: 4 | AA6: 3 | AB6: 2 | AC6: 3 | AD6: 1 | AE6: 5 | AF6: 2 | AG6: 2 | AH6: 2 | AI6: I like how convenient it is
A7: 46200.053 | B7: 46200.056 | C7: 0 | D7: 68.116.243.14 | E7: 100 | F7: 277 | G7: 1 | H7: 46200.056 | I7: R_7ygw0M6EIOY4CrW | J7: 34.1227 | K7: -118.7573 | L7: anonymous | M7: EN | N7: 1 | O7: 2 | P7: 43 | Q7: 30 | R7: 43 | S7: 43 | T7: 43 | U7: 43 | V7: 43 | W7: 1 | X7: 43 | Y7: 5 | Z7: 4 | AA7: 4 | AB7: 5 | AC7: 3 | AD7: 2 | AE7: 7 | AF7: 1 | AG7: 1 | AH7: 2 | AI7: Replaced Cable TV
A8: 46200.244 | B8: 46200.246 | C8: 0 | D8: 174.219.86.162 | E8: 100 | F8: 179 | G8: 1 | H8: 46200.246 | I8: R_5wo6bASx9q50NIt | J8: 39.884 | K8: -74.9721 | L8: anonymous | M8: EN | N8: 2 | O8: 1 | P8: 2 | Q8: 30 | R8: 43 | S8: 43 | T8: 43 | U8: 43 | V8: 43 | W8: 43 | X8: 43 | Y8: 4 | Z8: 4 | AA8: 4 | AB8: 4 | AC8: 3 | AD8: 2 | AE8: 7 | AF8: 2 | AG8: 4 | AH8: 1 | AI8: Content I want to watch, no commercials, others watching the same shows for us to talk about them
A9: 46200.253 | B9: 46200.254 | C9: 0 | D9: 73.233.185.108 | E9: 100 | F9: 101 | G9: 1 | H9: 46200.254 | I9: R_5SvqgRsbh8VQ2MV | J9: 40.207 | K9: -75.0744 | L9: anonymous | M9: EN | N9: 1 | O9: 30 | P9: 1 | Q9: 43 | R9: 43 | S9: 43 | T9: 2 | U9: 43 | V9: 43 | W9: 43 | X9: 43 | Y9: 5 | Z9: 5 | AA9: 5 | AB9: 5 | AC9: 5 | AD9: 3 | AE9: 10 | AF9: 1 | AG9: 2 | AH9: 2 | AI9: It has all the sports games I want to watch
A10: 46200.256 | B10: 46200.257 | C10: 0 | D10: 107.127.13.55 | E10: 100 | F10: 82 | G10: 1 | H10: 46200.257 | I10: R_3ZUNk2hyCuw5ZBf | J10: 39.6635 | K10: -84.2439 | L10: anonymous | M10: EN | N10: 1 | O10: 1 | P10: 2 | Q10: 30 | R10: 43 | S10: 43 | T10: 43 | U10: 43 | V10: 43 | W10: 43 | X10: 43 | Y10: 1 | Z10: 1 | AA10: 3 | AB10: 4 | AC10: 3 | AD10: 1 | AE10: 3 | AF10: 1 | AG10: 5 | AH10: 1 | AI10: Variety of content
A11: 46200.258 | B11: 46200.259 | C11: 0 | D11: 73.230.83.35 | E11: 100 | F11: 80 | G11: 1 | H11: 46200.259 | I11: R_7tyPefbIqpeZzUt | J11: 40.3102 | K11: -76.0388 | L11: anonymous | M11: EN | N11: 1 | O11: 1 | P11: 43 | Q11: 43 | R11: 43 | S11: 43 | T11: 30 | U11: 43 | V11: 43 | W11: 2 | X11: 43 | Y11: 4 | Z11: 4 | AA11: 4 | AB11: 4 | AC11: 4 | AD11: 3 | AE11: 10 | AF11: 2 | AG11: 1 | AH11: 2
A12: 46200.261 | B12: 46200.262 | C12: 0 | D12: 107.222.119.137 | E12: 100 | F12: 122 | G12: 1 | H12: 46200.262 | I12: R_54ejdoXRz9glW4V | J12: 37.7548 | K12: -84.2985 | L12: anonymous | M12: EN | N12: 1 | O12: 1 | P12: 43 | Q12: 43 | R12: 2 | S12: 30 | T12: 43 | U12: 43 | V12: 43 | W12: 43 | X12: 43 | Y12: 5 | Z12: 5 | AA12: 5 | AB12: 4 | AC12: 3 | AD12: 2 | AE12: 8 | AF12: 2 | AG12: 4 | AH12: 1
A13: 46200.263 | B13: 46200.265 | C13: 0 | D13: 46.110.82.38 | E13: 100 | F13: 170 | G13: 1 | H13: 46200.265 | I13: R_3RAxeVk1gybD4UV | J13: 41.5749 | K13: -90.6087 | L13: anonymous | M13: EN | N13: 1 | O13: 1 | P13: 43 | Q13: 2 | R13: 43 | S13: 30 | T13: 43 | U13: 43 | V13: 43 | W13: 43 | X13: 43 | Y13: 5 | Z13: 5 | AA13: 5 | AB13: 4 | AC13: 4 | AD13: 2 | AE13: 8 | AF13: 1 | AG13: 2 | AH13: 2
A14: 46200.263 | B14: 46200.267 | C14: 0 | D14: 71.92.166.245 | E14: 100 | F14: 351 | G14: 1 | H14: 46200.267 | I14: R_741Vhs9459RUFHm | J14: 39.6261 | K14: -119.6996 | L14: anonymous | M14: EN | N14: 1 | O14: 30 | P14: 43 | Q14: 43 | R14: 43 | S14: 1 | T14: 43 | U14: 2 | V14: 43 | W14: 43 | X14: 43 | Y14: 5 | Z14: 5 | AA14: 5 | AB14: 2 | AC14: 3 | AD14: 2 | AE14: 8 | AF14: 2 | AG14: 4 | AH14: 1 | AI14: It has the best variety for my interests, and secondly it is seamlessly integrated to my Amazon usage making it feel like a package deal, finally it feels like a good value for what comes for free and I appreciate that items for purchase are available and reasonable.
A15: 46200.266 | B15: 46200.267 | C15: 0 | D15: 76.150.200.50 | E15: 100 | F15: 152 | G15: 1 | H15: 46200.267 | I15: R_72ZSk6QvARSSrvj | J15: 42.2739 | K15: -89.0474 | L15: anonymous | M15: EN | N15: 2 | O15: 30 | P15: 1 | Q15: 2 | R15: 43 | S15: 30 | T15: 43 | U15: 43 | V15: 43 | W15: 43 | X15: 43 | Y15: 4 | Z15: 4 | AA15: 3 | AB15: 3 | AC15: 3 | AD15: 2 | AE15: 7 | AF15: 1 | AG15: 3 | AH15: 1
A16: 46200.268 | B16: 46200.269 | C16: 0 | D16: 98.115.250.207 | E16: 100 | F16: 102 | G16: 1 | H16: 46200.269 | I16: R_5q3TSQI6QGhhCzT | J16: 40.2163 | K16: -74.7724 | L16: anonymous | M16: EN | N16: 1 | O16: 1 | P16: 43 | Q16: 2 | R16: 30 | S16: 43 | T16: 43 | U16: 43 | V16: 43 | W16: 43 | X16: 43 | Y16: 5 | Z16: 5 | AA16: 5 | AB16: 4 | AC16: 4 | AD16: 3 | AE16: 10 | AF16: 2 | AG16: 2 | AH16: 2 | AI16: I have kids who enjoy most of the content
A17: 46200.277 | B17: 46200.28 | C17: 0 | D17: 68.95.99.9 | E17: 100 | F17: 212 | G17: 1 | H17: 46200.28 | I17: R_674sTQixyebtHsl | J17: 35.2426 | K17: -80.741 | L17: anonymous | M17: EN | N17: 1 | O17: 1 | P17: 43 | Q17: 43 | R17: 43 | S17: 30 | T17: 43 | U17: 43 | V17: 2 | W17: 43 | X17: 43 | Y17: 5 | Z17: 5 | AA17: 5 | AB17: 5 | AC17: 5 | AD17: 3 | AE17: 10 | AF17: 2 | AG17: 1 | AH17: 1 | AI17: Frequency in new material and renewed series
A18: 46200.297 | B18: 46200.298 | C18: 0 | D18: 166.198.251.117 | E18: 100 | F18: 117 | G18: 1 | H18: 46200.298 | I18: R_7I6sxMMUhTZTXd0 | J18: 39.9587 | K18: -82.9987 | L18: anonymous | M18: EN | N18: 1 | O18: 1 | P18: 30 | Q18: 2 | R18: 43 | S18: 43 | T18: 43 | U18: 43 | V18: 43 | W18: 43 | X18: 43 | Y18: 4 | Z18: 4 | AA18: 4 | AB18: 3 | AC18: 4 | AD18: 2 | AE18: 7 | AF18: 1 | AG18: 2 | AH18: 1
A19: 46200.303 | B19: 46200.304 | C19: 0 | D19: 174.228.98.187 | E19: 100 | F19: 98 | G19: 1 | H19: 46200.304 | I19: R_6M4Bm4UdqQZ7cGe | J19: 41.8502 | K19: -87.6736 | L19: anonymous | M19: EN | N19: 1 | O19: 2 | P19: 30 | Q19: 43 | R19: 43 | S19: 43 | T19: 43 | U19: 43 | V19: 43 | W19: 1 | X19: 43 | Y19: 5 | Z19: 4 | AA19: 4 | AB19: 2 | AC19: 4 | AD19: 3 | AE19: 9 | AF19: 1 | AG19: 4 | AH19: 1 | AI19: Cost
A20: 46200.316 | B20: 46200.318 | C20: 0 | D20: 69.129.201.139 | E20: 100 | F20: 133 | G20: 1 | H20: 46200.318 | I20: R_6WBwbe6eGhcNDO9 | J20: 42.9958 | K20: -89.5499 | L20: anonymous | M20: EN | N20: 1 | O20: 43 | P20: 43 | Q20: 43 | R20: 1 | S20: 43 | T20: 30 | U20: 43 | V20: 2 | W20: 43 | X20: 43 | Y20: 5 | Z20: 4 | AA20: 3 | AB20: 4 | AC20: 2 | AD20: 1 | AE20: 6 | AF20: 2 | AG20: 5 | AH20: 1 | AI20: Options and movies
A21: 46200.321 | B21: 46200.324 | C21: 0 | D21: 45.50.19.40 | E21: 100 | F21: 243 | G21: 1 | H21: 46200.324 | I21: R_63UXNUwfBX2rEzr | J21: 33.93 | K21: -117.9477 | L21: anonymous | M21: EN | N21: 1 | O21: 2 | S21: 1 | T21: 43 | U21: 30 | V21: 43 | Y21: 5 | Z21: 4 | AA21: 4 | AB21: 4 | AC21: 3 | AD21: 3 | AE21: 9 | AF21: 2 | AG21: 2 | AH21: 2 | AI21: Wide variety of great programs, movies
A22: 46200.329 | B22: 46200.331 | C22: 0 | D22: 98.187.137.233 | E22: 100 | F22: 139 | G22: 1 | H22: 46200.331 | I22: R_31cSuUcibJ2P67v | J22: 36.1805 | K22: -94.5304 | L22: anonymous | M22: EN | N22: 1 | O22: 30 | P22: 43 | Q22: 1 | R22: 43 | S22: 43 | T22: 2 | U22: 43 | V22: 43 | W22: 43 | X22: 43 | Y22: 5 | Z22: 5 | AA22: 5 | AB22: 3 | AC22: 5 | AD22: 3 | AE22: 10 | AF22: 1 | AG22: 5 | AH22: 1 | AI22: It has content that I love. It isn't glitchy
A23: 46200.352 | B23: 46200.355 | C23: 0 | D23: 174.218.82.218 | E23: 100 | F23: 235 | G23: 1 | H23: 46200.355 | I23: R_6qId9hle9eQrLEZ | J23: 34.0587 | K23: -118.2781 | L23: anonymous | M23: EN | N23: 1 | O23: 30 | P23: 43 | Q23: 43 | R23: 43 | S23: 2 | T23: 43 | U23: 43 | V23: 43 | W23: 1 | X23: 43 | Y23: 5 | Z23: 5 | AA23: 5 | AB23: 5 | AC23: 5 | AD23: 3 | AE23: 10 | AF23: 1 | AG23: 2 | AH23: 2
A24: 46200.357 | B24: 46200.359 | C24: 0 | D24: 166.194.188.73 | E24: 100 | F24: 146 | G24: 1 | H24: 46200.359 | I24: R_7S2dmfcImtPm61L | J24: 40.1586 | K24: -75.282 | L24: anonymous | M24: EN | N24: 1 | O24: 1 | P24: 30 | Q24: 43 | R24: 43 | S24: 2 | T24: 43 | U24: 43 | V24: 43 | W24: 43 | X24: 43 | Y24: 5 | Z24: 4 | AA24: 4 | AB24: 3 | AC24: 3 | AD24: 2 | AE24: 8 | AF24: 2 | AG24: 4 | AH24: 1 | AI24: Ease of use
A25: 46200.382 | B25: 46200.384 | C25: 0 | D25: 96.8.181.44 | E25: 100 | F25: 112 | G25: 1 | H25: 46200.384 | I25: R_56mwUxLsllClm0k | J25: 29.7026 | K25: -98.4759 | L25: anonymous | M25: EN | N25: 1 | O25: 1 | P25: 2 | Q25: 30 | R25: 43 | S25: 43 | V25: 43 | Y25: 5 | Z25: 4 | AA25: 4 | AB25: 2 | AC25: 3 | AD25: 2 | AE25: 7 | AF25: 1 | AG25: 1 | AH25: 2 | AI25: New shows and movies
A26: 46200.419 | B26: 46200.421 | C26: 0 | D26: 166.194.143.48 | E26: 100 | F26: 95 | G26: 1 | H26: 46200.421 | I26: R_3Vm4Mn3XmtQFOBW | J26: 33.4683 | K26: -112.0549 | L26: anonymous | M26: EN | N26: 1 | O26: 1 | P26: 2 | Q26: 43 | R26: 43 | S26: 30 | T26: 43 | U26: 43 | V26: 43 | W26: 43 | X26: 43 | Y26: 5 | Z26: 4 | AA26: 4 | AB26: 3 | AC26: 3 | AD26: 2 | AE26: 7 | AF26: 1 | AG26: 3 | AH26: 1
A27: 46200.454 | B27: 46200.457 | C27: 0 | D27: 174.233.182.53 | E27: 100 | F27: 193 | G27: 1 | H27: 46200.457 | I27: R_3hxT0Fa09x9ob3E | J27: 41.923 | K27: -87.7531 | L27: anonymous | M27: EN | N27: 3 | O27: 43 | P27: 43 | Q27: 43 | R27: 43 | S27: 2 | T27: 1 | U27: 30 | V27: 43 | W27: 43 | X27: 43 | Y27: 4 | Z27: 4 | AA27: 4 | AB27: 2 | AC27: 4 | AD27: 2 | AE27: 7 | AF27: 2 | AG27: 2 | AH27: 2
A28: 46200.459 | B28: 46200.46 | C28: 0 | D28: 199.33.97.219 | E28: 100 | F28: 122 | G28: 1 | H28: 46200.46 | I28: R_62VmvvQJeNs4z42 | J28: 36.0154 | K28: -83.4149 | L28: anonymous | M28: EN | N28: 1 | O28: 1 | P28: 2 | Q28: 30 | R28: 43 | S28: 43 | T28: 43 | U28: 43 | V28: 43 | W28: 43 | X28: 43 | Y28: 5 | Z28: 5 | AA28: 5 | AB28: 3 | AC28: 4 | AD28: 2 | AE28: 7 | AF28: 1 | AG28: 3 | AH28: 1 | AI28: Most options that I enjoy
A29: 46200.507 | B29: 46200.512 | C29: 0 | D29: 45.50.19.40 | E29: 100 | F29: 393 | G29: 1 | H29: 46200.512 | I29: R_1QfFOKZrH3G9PKo | J29: 33.93 | K29: -117.9477 | L29: anonymous | M29: EN | N29: 2 | O29: 30 | P29: 43 | Q29: 43 | R29: 43 | S29: 1 | T29: 43 | U29: 2 | V29: 43 | W29: 43 | X29: 43 | Y29: 1 | Z29: 1 | AA29: 1 | AB29: 1 | AC29: 1 | AD29: 3 | AE29: 10 | AF29: 1 | AG29: 3 | AH29: 2
A30: 46200.51 | B30: 46200.512 | C30: 0 | D30: 172.56.221.80 | E30: 100 | F30: 192 | G30: 1 | H30: 46200.512 | I30: R_6Qrk0Vn5jyvsyZb | J30: 40.0598 | K30: -75.1448 | L30: anonymous | M30: EN | N30: 1 | O30: 43 | P30: 43 | Q30: 43 | R30: 1 | S30: 2 | T30: 43 | U30: 1 | V30: 43 | W30: 43 | X30: 43 | Y30: 5 | Z30: 5 | AA30: 5 | AB30: 3 | AC30: 5 | AD30: 3 | AE30: 10 | AF30: 1 | AG30: 3 | AH30: 2
A31: 46200.517 | B31: 46200.518 | C31: 0 | D31: 46.110.178.68 | E31: 100 | F31: 124 | G31: 1 | H31: 46200.518 | I31: R_5eeqaPh4tM7RVBA | J31: 41.4943 | K31: -90.5001 | L31: anonymous | M31: EN | N31: 1 | O31: 1 | P31: 43 | Q31: 43 | R31: 30 | S31: 43 | T31: 43 | U31: 43 | V31: 2 | W31: 43 | X31: 43 | Y31: 4 | Z31: 4 | AA31: 4 | AB31: 3 | AC31: 3 | AD31: 2 | AE31: 7 | AF31: 2 | AG31: 4 | AH31: 2 | AI31: Variety of options that rotate and no ads
A32: 46200.531 | B32: 46200.533 | C32: 0 | D32: 96.235.170.163 | E32: 100 | F32: 112 | G32: 1 | H32: 46200.533 | I32: R_1kjrMugsCpQsw1j | J32: 40.2381 | K32: -74.7822 | L32: anonymous | M32: EN | N32: 1 | O32: 30 | P32: 43 | Q32: 2 | R32: 43 | S32: 1 | T32: 43 | U32: 43 | V32: 43 | W32: 43 | X32: 43 | Y32: 5 | Z32: 4 | AA32: 3 | AB32: 3 | AC32: 3 | AD32: 1 | AE32: 5 | AF32: 3 | AG32: 4 | AH32: 1
A33: 46200.545 | B33: 46200.547 | C33: 0 | D33: 174.65.124.151 | E33: 100 | F33: 200 | G33: 1 | H33: 46200.547 | I33: R_1nJhS6UMRhoehhW | J33: 33.1097 | K33: -117.067 | L33: anonymous | M33: EN | N33: 1 | O33: 43 | P33: 1 | Q33: 43 | R33: 30 | S33: 43 | T33: 2 | U33: 2 | V33: 43 | W33: 43 | X33: 43 | Y33: 4 | Z33: 3 | AA33: 3 | AB33: 2 | AC33: 2 | AD33: 1 | AE33: 3 | AF33: 3 | AG33: 5 | AH33: 1 | AI33: The show I like is on it
A34: 46200.546 | B34: 46200.55 | C34: 0 | D34: 68.252.20.239 | E34: 100 | F34: 394 | G34: 1 | H34: 46200.551 | I34: R_1NVEsiRhTQYOGq1 | J34: 26.4141 | K34: -80.0972 | L34: anonymous | M34: EN | N34: 1 | O34: 2 | P34: 43 | Q34: 43 | R34: 1 | S34: 43 | T34: 43 | U34: 43 | V34: 30 | W34: 43 | X34: 43 | Y34: 5 | Z34: 5 | AA34: 5 | AB34: 5 | AC34: 5 | AD34: 3 | AE34: 10 | AF34: 2 | AG34: 1 | AH34: 2
A35: 46200.551 | B35: 46200.551 | C35: 0 | D35: 125.103.25.178 | E35: 100 | F35: 69 | G35: 1 | H35: 46200.551 | I35: R_4ikSj029XCm4KgV | J35: 35.6017 | K35: 139.7431 | L35: anonymous | M35: EN | N35: 1 | O35: 1 | P35: 2 | Q35: 43 | R35: 43 | S35: 30 | T35: 43 | U35: 43 | V35: 43 | W35: 43 | X35: 43 | Y35: 1 | Z35: 1 | AA35: 1 | AB35: 3 | AC35: 3 | AD35: 3 | AE35: 10 | AF35: 1 | AG35: 4 | AH35: 1
A36: 46200.552 | B36: 46200.554 | C36: 0 | D36: 68.252.20.239 | E36: 100 | F36: 183 | G36: 1 | H36: 46200.554 | I36: R_5rw7fSu7o833noW | J36: 26.4141 | K36: -80.0972 | L36: anonymous | M36: EN | N36: 1 | O36: 1 | P36: 30 | Q36: 30 | R36: 2 | S36: 43 | T36: 30 | U36: 30 | V36: 2 | W36: 43 | X36: 43 | Y36: 3 | Z36: 3 | AA36: 3 | AB36: 3 | AC36: 3 | AD36: 1 | AE36: 6 | AF36: 1 | AG36: 3 | AH36: 2 | AI36: Good movies
A37: 46200.602 | B37: 46200.604 | C37: 0 | D37: 70.95.14.154 | E37: 100 | F37: 125 | G37: 1 | H37: 46200.604 | I37: R_6mVqrmvvNS4opfb | J37: 32.9164 | K37: -117.1393 | L37: anonymous | M37: EN | N37: 2 | O37: 1 | P37: 43 | Q37: 43 | R37: 30 | S37: 43 | T37: 2 | U37: 43 | V37: 43 | W37: 43 | X37: 43 | Y37: 5 | Z37: 5 | AA37: 5 | AB37: 5 | AC37: 5 | AD37: 3 | AE37: 10 | AF37: 1 | AG37: 2 | AH37: 2
A38: 46200.569 | B38: 46200.664 | C38: 0 | D38: 73.165.241.59 | E38: 100 | F38: 8183 | G38: 1 | H38: 46200.664 | I38: R_7Su948qzfQifJnT | J38: 40.0146 | K38: -75.7136 | L38: anonymous | M38: EN | N38: 1 | O38: 43 | P38: 30 | Q38: 43 | R38: 43 | S38: 2 | T38: 43 | U38: 43 | V38: 43 | W38: 1 | X38: 43 | Y38: 3 | Z38: 3 | AA38: 4 | AB38: 3 | AC38: 3 | AD38: 1 | AE38: 6 | AF38: 1 | AG38: 2 | AH38: 2 | AI38: Affordability
A39: 46200.707 | B39: 46200.708 | C39: 0 | D39: 71.188.87.72 | E39: 100 | F39: 146 | G39: 1 | H39: 46200.708 | I39: R_5soXWh4QWeArnpx | J39: 40.3344 | K39: -74.795 | L39: anonymous | M39: EN | N39: 1 | O39: 43 | P39: 1 | Q39: 43 | R39: 2 | S39: 30 | T39: 43 | U39: 43 | V39: 43 | W39: 43 | X39: 43 | Y39: 5 | Z39: 1 | AA39: 5 | AB39: 5 | AC39: 5 | AD39: 3 | AE39: 10 | AF39: 1 | AG39: 1 | AH39: 2

Sheet Raw Qualtrics Data
A1: StartDate | B1: EndDate | C1: Status | D1: IPAddress | E1: Progress | F1: Duration (in seconds) | G1: Finished | H1: RecordedDate | I1: ResponseId | J1: RecipientLastName | K1: RecipientFirstName | L1: RecipientEmail | M1: ExternalReference | N1: LocationLatitude | O1: LocationLongitude | P1: DistributionChannel | Q1: UserLanguage | R1: Q1 | S1: Q2_1 | T1: Q2_2 | U1: Q2_3 | V1: Q2_4 | W1: Q2_5 | X1: Q2_6 | Y1: Q2_7 | Z1: Q2_8 | AA1: Q2_9 | AB1: Q2_10 | AC1: Q3_1 | AD1: Q3_2 | AE1: Q3_3 | AF1: Q3_4 | AG1: Q3_5 | AH1: Q4_NPS_GROUP | AI1: Q4 | AJ1: Q5 | AK1: Q6 | AL1: Q7 | AM1: Q8
A2: Start Date | B2: End Date | C2: Response Type | D2: IP Address | E2: Progress | F2: Duration (in seconds) | G2: Finished | H2: Recorded Date | I2: Response ID | J2: Recipient Last Name | K2: Recipient First Name | L2: Recipient Email | M2: External Data Reference | N2: Location Latitude | O2: Location Longitude | P2: Distribution Channel | Q2: User Language | R2: Which statement best describes your role in streaming service decisions for your household? | S2: Please rank each streaming service based on how often you use it. Select First Most Used Service for the streaming service you use the most. Select Second Most Used Service for the service you use second most. Select Third Most Used Service for the service you use third most. For all other services, select Other (Not in top 3). - Netflix | T2: Please rank each streaming service based on how often you use it. Select First Most Used Service for the streaming service you use the most. Select Second Most Used Service for the service you use second most. Select Third Most Used Service for the service you use third most. For all other services, select Other (Not in top 3). - Hulu | U2: Please rank each streaming service based on how often you use it. Select First Most Used Service for the streaming service you use the most. Select Second Most Used Service for the service you use second most. Select Third Most Used Service for the service you use third most. For all other services, select Other (Not in top 3). - Disney+ | V2: Please rank each streaming service based on how often you use it. Select First Most Used Service for the streaming service you use the most. Select Second Most Used Service for the service you use second most. Select Third Most Used Service for the service you use third most. For all other services, select Other (Not in top 3). - Max | W2: Please rank each streaming service based on how often you use it. Select First Most Used Service for the streaming service you use the most. Select Second Most Used Service for the service you use second most. Select Third Most Used Service for the service you use third most. For all other services, select Other (Not in top 3). - Prime Video | X2: Please rank each streaming service based on how often you use it. Select First Most Used Service for the streaming service you use the most. Select Second Most Used Service for the service you use second most. Select Third Most Used Service for the service you use third most. For all other services, select Other (Not in top 3). - Peacock | Y2: Please rank each streaming service based on how often you use it. Select First Most Used Service for the streaming service you use the most. Select Second Most Used Service for the service you use second most. Select Third Most Used Service for the service you use third most. For all other services, select Other (Not in top 3). - Paramount+ | Z2: Please rank each streaming service based on how often you use it. Select First Most Used Service for the streaming service you use the most. Select Second Most Used Service for the service you use second most. Select Third Most Used Service for the service you use third most. For all other services, select Other (Not in top 3). - Apple TV+ | AA2: Please rank each streaming service based on how often you use it. Select First Most Used Service for the streaming service you use the most. Select Second Most Used Service for the service you use second most. Select Third Most Used Service for the service you use third most. For all other services, select Other (Not in top 3). - YouTube TV | AB2: Please rank each streaming service based on how often you use it. Select First Most Used Service for the streaming service you use the most. Select Second Most Used Service for the service you use second most. Select Third Most Used Service for the service you use third most. For all other services, select Other (Not in top 3). - Other | AC2: Please indicate your level of agreement with the following statements about the streaming service you use most often. - I intend to keep using this streaming service. | AD2: Please indicate your level of agreement with the following statements about the streaming service you use most often. - This streaming service would be one of my first choices. | AE2: Please indicate your level of agreement with the following statements about the streaming service you use most often. - I would recommend this streaming service to others. | AF2: Please indicate your level of agreement with the following statements about the streaming service you use most often. - I would not easily switch to a competing streaming service. | AG2: Please indicate your level of agreement with the following statements about the streaming service you use most often. - I trust this streaming service. | AH2: How likely are you to recommend the streaming service you use most often to a friend or colleague? - Group | AI2: How likely are you to recommend the streaming service you use most often to a friend or colleague? | AJ2: In the past 6 months, how often have you used the streaming service you ranked as #1? | AK2: How likely are you to cancel at least one streaming service in the next 6 months? | AL2: Have you canceled a streaming service within the past year? | AM2: What is the main reason you would continue using the streaming service you ranked as your first most used service? (Optional)
A3: 46197.606 | B3: 46197.606 | C3: 1 | E3: 100 | F3: 13 | G3: 1 | H3: 46197.606 | I3: R_1KdQakUEmaWjbXY | N3: 34.1449 | O3: -118.3887 | P3: preview | Q3: EN
A4: 46197.83 | B4: 46197.831 | C4: 1 | E4: 100 | F4: 92 | G4: 1 | H4: 46197.831 | I4: R_1s0vom0gdUP1tD6 | N4: 34.1449 | O4: -118.3887 | P4: preview | Q4: EN | R4: 2 | S4: 1 | T4: 2 | W4: 30 | AC4: 5 | AD4: 5 | AE4: 4 | AF4: 3 | AG4: 3 | AH4: 2 | AI4: 7 | AJ4: 2 | AK4: 2 | AL4: 2
A5: 46197.835 | B5: 46197.835 | C5: 1 | E5: 100 | F5: 50 | G5: 1 | H5: 46197.835 | I5: R_1SlzBBDzrGUnk2j | N5: 34.1449 | O5: -118.3887 | P5: preview | Q5: EN | R5: 2 | S5: 43 | T5: 1 | U5: 43 | V5: 43 | W5: 30 | X5: 43 | Y5: 43 | Z5: 43 | AA5: 2 | AB5: 43 | AC5: 4 | AD5: 3 | AE5: 4 | AF5: 3 | AG5: 3 | AH5: 2 | AI5: 7 | AJ5: 3 | AK5: 2 | AL5: 2
A6: 46197.701 | B6: 46198.595 | C6: 0 | D6: 174.227.87.108 | E6: 100 | F6: 77254 | G6: 1 | H6: 46198.595 | I6: R_3QYw2cwDtcLjPhS | N6: 34.195 | O6: -118.445 | P6: anonymous | Q6: EN | R6: 1 | S6: 1 | AC6: 5 | AD6: 4 | AE6: 4 | AF6: 4 | AG6: 4 | AH6: 2 | AI6: 7 | AJ6: 2 | AK6: 4 | AL6: 1
A7: 46199.714 | B7: 46199.715 | C7: 0 | D7: 47.157.11.239 | E7: 100 | F7: 119 | G7: 1 | H7: 46199.715 | I7: R_7Ic3QOXZbQv4nf3 | N7: 33.9794 | O7: -118.0609 | P7: anonymous | Q7: EN | R7: 1 | S7: 43 | T7: 43 | U7: 43 | V7: 30 | W7: 1 | X7: 43 | Y7: 43 | Z7: 2 | AA7: 43 | AB7: 43 | AC7: 4 | AD7: 3 | AE7: 5 | AF7: 4 | AG7: 4 | AH7: 1 | AI7: 5 | AJ7: 2 | AK7: 2 | AL7: 1 | AM7: Prime and Apple have some good shows out right now. That’s about it.
A8: 46199.717 | B8: 46199.718 | C8: 0 | D8: 172.118.234.9 | E8: 100 | F8: 79 | G8: 1 | H8: 46199.718 | I8: R_3ZCSRojYz3GOAY9 | N8: 33.9893 | O8: -118.089 | P8: anonymous | Q8: EN | R8: 3 | S8: 1 | T8: 2 | U8: 43 | V8: 30 | W8: 43 | X8: 30 | Y8: 43 | Z8: 43 | AA8: 43 | AB8: 43 | AC8: 5 | AD8: 5 | AE8: 5 | AF8: 5 | AG8: 5 | AH8: 2 | AI8: 7 | AJ8: 2 | AK8: 5 | AL8: 2
A9: 46199.717 | B9: 46199.724 | C9: 0 | D9: 172.56.127.220 | E9: 100 | F9: 557 | G9: 1 | H9: 46199.724 | I9: R_1G6uVLcPuH1Z0Az | N9: 33.9889 | O9: -118.153 | P9: anonymous | Q9: EN | R9: 1 | S9: 43 | T9: 43 | U9: 43 | V9: 43 | W9: 43 | X9: 43 | Y9: 43 | Z9: 43 | AA9: 43 | AB9: 1 | AC9: 5 | AD9: 4 | AE9: 3 | AF9: 2 | AG9: 3 | AH9: 1 | AI9: 5 | AJ9: 2 | AK9: 2 | AL9: 2 | AM9: I like how convenient it is
A10: 46200.053 | B10: 46200.056 | C10: 0 | D10: 68.116.243.14 | E10: 100 | F10: 277 | G10: 1 | H10: 46200.056 | I10: R_7ygw0M6EIOY4CrW | N10: 34.1227 | O10: -118.7573 | P10: anonymous | Q10: EN | R10: 1 | S10: 2 | T10: 43 | U10: 30 | V10: 43 | W10: 43 | X10: 43 | Y10: 43 | Z10: 43 | AA10: 1 | AB10: 43 | AC10: 5 | AD10: 4 | AE10: 4 | AF10: 5 | AG10: 3 | AH10: 2 | AI10: 7 | AJ10: 1 | AK10: 1 | AL10: 2 | AM10: Replaced Cable TV
A11: 46200.244 | B11: 46200.246 | C11: 0 | D11: 174.219.86.162 | E11: 100 | F11: 179 | G11: 1 | H11: 46200.246 | I11: R_5wo6bASx9q50NIt | N11: 39.884 | O11: -74.9721 | P11: anonymous | Q11: EN | R11: 2 | S11: 1 | T11: 2 | U11: 30 | V11: 43 | W11: 43 | X11: 43 | Y11: 43 | Z11: 43 | AA11: 43 | AB11: 43 | AC11: 4 | AD11: 4 | AE11: 4 | AF11: 4 | AG11: 3 | AH11: 2 | AI11: 7 | AJ11: 2 | AK11: 4 | AL11: 1 | AM11: Content I want to watch, no commercials, others watching the same shows for us to talk about them
A12: 46200.253 | B12: 46200.254 | C12: 0 | D12: 73.233.185.108 | E12: 100 | F12: 101 | G12: 1 | H12: 46200.254 | I12: R_5SvqgRsbh8VQ2MV | N12: 40.207 | O12: -75.0744 | P12: anonymous | Q12: EN | R12: 1 | S12: 30 | T12: 1 | U12: 43 | V12: 43 | W12: 43 | X12: 2 | Y12: 43 | Z12: 43 | AA12: 43 | AB12: 43 | AC12: 5 | AD12: 5 | AE12: 5 | AF12: 5 | AG12: 5 | AH12: 3 | AI12: 10 | AJ12: 1 | AK12: 2 | AL12: 2 | AM12: It has all the sports games I want to watch
A13: 46200.256 | B13: 46200.257 | C13: 0 | D13: 107.127.13.55 | E13: 100 | F13: 82 | G13: 1 | H13: 46200.257 | I13: R_3ZUNk2hyCuw5ZBf | N13: 39.6635 | O13: -84.2439 | P13: anonymous | Q13: EN | R13: 1 | S13: 1 | T13: 2 | U13: 30 | V13: 43 | W13: 43 | X13: 43 | Y13: 43 | Z13: 43 | AA13: 43 | AB13: 43 | AC13: 1 | AD13: 1 | AE13: 3 | AF13: 4 | AG13: 3 | AH13: 1 | AI13: 3 | AJ13: 1 | AK13: 5 | AL13: 1 | AM13: Variety of content
A14: 46200.258 | B14: 46200.259 | C14: 0 | D14: 73.230.83.35 | E14: 100 | F14: 80 | G14: 1 | H14: 46200.259 | I14: R_7tyPefbIqpeZzUt | N14: 40.3102 | O14: -76.0388 | P14: anonymous | Q14: EN | R14: 1 | S14: 1 | T14: 43 | U14: 43 | V14: 43 | W14: 43 | X14: 30 | Y14: 43 | Z14: 43 | AA14: 2 | AB14: 43 | AC14: 4 | AD14: 4 | AE14: 4 | AF14: 4 | AG14: 4 | AH14: 3 | AI14: 10 | AJ14: 2 | AK14: 1 | AL14: 2
A15: 46200.261 | B15: 46200.262 | C15: 0 | D15: 107.222.119.137 | E15: 100 | F15: 122 | G15: 1 | H15: 46200.262 | I15: R_54ejdoXRz9glW4V | N15: 37.7548 | O15: -84.2985 | P15: anonymous | Q15: EN | R15: 1 | S15: 1 | T15: 43 | U15: 43 | V15: 2 | W15: 30 | X15: 43 | Y15: 43 | Z15: 43 | AA15: 43 | AB15: 43 | AC15: 5 | AD15: 5 | AE15: 5 | AF15: 4 | AG15: 3 | AH15: 2 | AI15: 8 | AJ15: 2 | AK15: 4 | AL15: 1
A16: 46200.263 | B16: 46200.265 | C16: 0 | D16: 46.110.82.38 | E16: 100 | F16: 170 | G16: 1 | H16: 46200.265 | I16: R_3RAxeVk1gybD4UV | N16: 41.5749 | O16: -90.6087 | P16: anonymous | Q16: EN | R16: 1 | S16: 1 | T16: 43 | U16: 2 | V16: 43 | W16: 30 | X16: 43 | Y16: 43 | Z16: 43 | AA16: 43 | AB16: 43 | AC16: 5 | AD16: 5 | AE16: 5 | AF16: 4 | AG16: 4 | AH16: 2 | AI16: 8 | AJ16: 1 | AK16: 2 | AL16: 2
A17: 46200.263 | B17: 46200.267 | C17: 0 | D17: 71.92.166.245 | E17: 100 | F17: 351 | G17: 1 | H17: 46200.267 | I17: R_741Vhs9459RUFHm | N17: 39.6261 | O17: -119.6996 | P17: anonymous | Q17: EN | R17: 1 | S17: 30 | T17: 43 | U17: 43 | V17: 43 | W17: 1 | X17: 43 | Y17: 2 | Z17: 43 | AA17: 43 | AB17: 43 | AC17: 5 | AD17: 5 | AE17: 5 | AF17: 2 | AG17: 3 | AH17: 2 | AI17: 8 | AJ17: 2 | AK17: 4 | AL17: 1 | AM17: It has the best variety for my interests, and secondly it is seamlessly integrated to my Amazon usage making it feel like a package deal, finally it feels like a good value for what comes for free and I appreciate that items for purchase are available and reasonable.
A18: 46200.266 | B18: 46200.267 | C18: 0 | D18: 76.150.200.50 | E18: 100 | F18: 152 | G18: 1 | H18: 46200.267 | I18: R_72ZSk6QvARSSrvj | N18: 42.2739 | O18: -89.0474 | P18: anonymous | Q18: EN | R18: 2 | S18: 30 | T18: 1 | U18: 2 | V18: 43 | W18: 30 | X18: 43 | Y18: 43 | Z18: 43 | AA18: 43 | AB18: 43 | AC18: 4 | AD18: 4 | AE18: 3 | AF18: 3 | AG18: 3 | AH18: 2 | AI18: 7 | AJ18: 1 | AK18: 3 | AL18: 1
A19: 46200.268 | B19: 46200.269 | C19: 0 | D19: 98.115.250.207 | E19: 100 | F19: 102 | G19: 1 | H19: 46200.269 | I19: R_5q3TSQI6QGhhCzT | N19: 40.2163 | O19: -74.7724 | P19: anonymous | Q19: EN | R19: 1 | S19: 1 | T19: 43 | U19: 2 | V19: 30 | W19: 43 | X19: 43 | Y19: 43 | Z19: 43 | AA19: 43 | AB19: 43 | AC19: 5 | AD19: 5 | AE19: 5 | AF19: 4 | AG19: 4 | AH19: 3 | AI19: 10 | AJ19: 2 | AK19: 2 | AL19: 2 | AM19: I have kids who enjoy most of the content
A20: 46200.277 | B20: 46200.28 | C20: 0 | D20: 68.95.99.9 | E20: 100 | F20: 212 | G20: 1 | H20: 46200.28 | I20: R_674sTQixyebtHsl | N20: 35.2426 | O20: -80.741 | P20: anonymous | Q20: EN | R20: 1 | S20: 1 | T20: 43 | U20: 43 | V20: 43 | W20: 30 | X20: 43 | Y20: 43 | Z20: 2 | AA20: 43 | AB20: 43 | AC20: 5 | AD20: 5 | AE20: 5 | AF20: 5 | AG20: 5 | AH20: 3 | AI20: 10 | AJ20: 2 | AK20: 1 | AL20: 1 | AM20: Frequency in new material and renewed series
A21: 46200.297 | B21: 46200.298 | C21: 0 | D21: 166.198.251.117 | E21: 100 | F21: 117 | G21: 1 | H21: 46200.298 | I21: R_7I6sxMMUhTZTXd0 | N21: 39.9587 | O21: -82.9987 | P21: anonymous | Q21: EN | R21: 1 | S21: 1 | T21: 30 | U21: 2 | V21: 43 | W21: 43 | X21: 43 | Y21: 43 | Z21: 43 | AA21: 43 | AB21: 43 | AC21: 4 | AD21: 4 | AE21: 4 | AF21: 3 | AG21: 4 | AH21: 2 | AI21: 7 | AJ21: 1 | AK21: 2 | AL21: 1
A22: 46200.303 | B22: 46200.304 | C22: 0 | D22: 174.228.98.187 | E22: 100 | F22: 98 | G22: 1 | H22: 46200.304 | I22: R_6M4Bm4UdqQZ7cGe | N22: 41.8502 | O22: -87.6736 | P22: anonymous | Q22: EN | R22: 1 | S22: 2 | T22: 30 | U22: 43 | V22: 43 | W22: 43 | X22: 43 | Y22: 43 | Z22: 43 | AA22: 1 | AB22: 43 | AC22: 5 | AD22: 4 | AE22: 4 | AF22: 2 | AG22: 4 | AH22: 3 | AI22: 9 | AJ22: 1 | AK22: 4 | AL22: 1 | AM22: Cost
A23: 46200.316 | B23: 46200.318 | C23: 0 | D23: 69.129.201.139 | E23: 100 | F23: 133 | G23: 1 | H23: 46200.318 | I23: R_6WBwbe6eGhcNDO9 | N23: 42.9958 | O23: -89.5499 | P23: anonymous | Q23: EN | R23: 1 | S23: 43 | T23: 43 | U23: 43 | V23: 1 | W23: 43 | X23: 30 | Y23: 43 | Z23: 2 | AA23: 43 | AB23: 43 | AC23: 5 | AD23: 4 | AE23: 3 | AF23: 4 | AG23: 2 | AH23: 1 | AI23: 6 | AJ23: 2 | AK23: 5 | AL23: 1 | AM23: Options and movies
A24: 46200.321 | B24: 46200.324 | C24: 0 | D24: 45.50.19.40 | E24: 100 | F24: 243 | G24: 1 | H24: 46200.324 | I24: R_63UXNUwfBX2rEzr | N24: 33.93 | O24: -117.9477 | P24: anonymous | Q24: EN | R24: 1 | S24: 2 | W24: 1 | X24: 43 | Y24: 30 | Z24: 43 | AC24: 5 | AD24: 4 | AE24: 4 | AF24: 4 | AG24: 3 | AH24: 3 | AI24: 9 | AJ24: 2 | AK24: 2 | AL24: 2 | AM24: Wide variety of great programs, movies
A25: 46200.329 | B25: 46200.331 | C25: 0 | D25: 98.187.137.233 | E25: 100 | F25: 139 | G25: 1 | H25: 46200.331 | I25: R_31cSuUcibJ2P67v | N25: 36.1805 | O25: -94.5304 | P25: anonymous | Q25: EN | R25: 1 | S25: 30 | T25: 43 | U25: 1 | V25: 43 | W25: 43 | X25: 2 | Y25: 43 | Z25: 43 | AA25: 43 | AB25: 43 | AC25: 5 | AD25: 5 | AE25: 5 | AF25: 3 | AG25: 5 | AH25: 3 | AI25: 10 | AJ25: 1 | AK25: 5 | AL25: 1 | AM25: It has content that I love. It isn't glitchy
A26: 46200.352 | B26: 46200.355 | C26: 0 | D26: 174.218.82.218 | E26: 100 | F26: 235 | G26: 1 | H26: 46200.355 | I26: R_6qId9hle9eQrLEZ | N26: 34.0587 | O26: -118.2781 | P26: anonymous | Q26: EN | R26: 1 | S26: 30 | T26: 43 | U26: 43 | V26: 43 | W26: 2 | X26: 43 | Y26: 43 | Z26: 43 | AA26: 1 | AB26: 43 | AC26: 5 | AD26: 5 | AE26: 5 | AF26: 5 | AG26: 5 | AH26: 3 | AI26: 10 | AJ26: 1 | AK26: 2 | AL26: 2
A27: 46200.357 | B27: 46200.359 | C27: 0 | D27: 166.194.188.73 | E27: 100 | F27: 146 | G27: 1 | H27: 46200.359 | I27: R_7S2dmfcImtPm61L | N27: 40.1586 | O27: -75.282 | P27: anonymous | Q27: EN | R27: 1 | S27: 1 | T27: 30 | U27: 43 | V27: 43 | W27: 2 | X27: 43 | Y27: 43 | Z27: 43 | AA27: 43 | AB27: 43 | AC27: 5 | AD27: 4 | AE27: 4 | AF27: 3 | AG27: 3 | AH27: 2 | AI27: 8 | AJ27: 2 | AK27: 4 | AL27: 1 | AM27: Ease of use
A28: 46200.382 | B28: 46200.384 | C28: 0 | D28: 96.8.181.44 | E28: 100 | F28: 112 | G28: 1 | H28: 46200.384 | I28: R_56mwUxLsllClm0k | N28: 29.7026 | O28: -98.4759 | P28: anonymous | Q28: EN | R28: 1 | S28: 1 | T28: 2 | U28: 30 | V28: 43 | W28: 43 | Z28: 43 | AC28: 5 | AD28: 4 | AE28: 4 | AF28: 2 | AG28: 3 | AH28: 2 | AI28: 7 | AJ28: 1 | AK28: 1 | AL28: 2 | AM28: New shows and movies
A29: 46200.419 | B29: 46200.421 | C29: 0 | D29: 166.194.143.48 | E29: 100 | F29: 95 | G29: 1 | H29: 46200.421 | I29: R_3Vm4Mn3XmtQFOBW | N29: 33.4683 | O29: -112.0549 | P29: anonymous | Q29: EN | R29: 1 | S29: 1 | T29: 2 | U29: 43 | V29: 43 | W29: 30 | X29: 43 | Y29: 43 | Z29: 43 | AA29: 43 | AB29: 43 | AC29: 5 | AD29: 4 | AE29: 4 | AF29: 3 | AG29: 3 | AH29: 2 | AI29: 7 | AJ29: 1 | AK29: 3 | AL29: 1
A30: 46200.454 | B30: 46200.457 | C30: 0 | D30: 174.233.182.53 | E30: 100 | F30: 193 | G30: 1 | H30: 46200.457 | I30: R_3hxT0Fa09x9ob3E | N30: 41.923 | O30: -87.7531 | P30: anonymous | Q30: EN | R30: 3 | S30: 43 | T30: 43 | U30: 43 | V30: 43 | W30: 2 | X30: 1 | Y30: 30 | Z30: 43 | AA30: 43 | AB30: 43 | AC30: 4 | AD30: 4 | AE30: 4 | AF30: 2 | AG30: 4 | AH30: 2 | AI30: 7 | AJ30: 2 | AK30: 2 | AL30: 2
A31: 46200.459 | B31: 46200.46 | C31: 0 | D31: 199.33.97.219 | E31: 100 | F31: 122 | G31: 1 | H31: 46200.46 | I31: R_62VmvvQJeNs4z42 | N31: 36.0154 | O31: -83.4149 | P31: anonymous | Q31: EN | R31: 1 | S31: 1 | T31: 2 | U31: 30 | V31: 43 | W31: 43 | X31: 43 | Y31: 43 | Z31: 43 | AA31: 43 | AB31: 43 | AC31: 5 | AD31: 5 | AE31: 5 | AF31: 3 | AG31: 4 | AH31: 2 | AI31: 7 | AJ31: 1 | AK31: 3 | AL31: 1 | AM31: Most options that I enjoy
A32: 46200.507 | B32: 46200.512 | C32: 0 | D32: 45.50.19.40 | E32: 100 | F32: 393 | G32: 1 | H32: 46200.512 | I32: R_1QfFOKZrH3G9PKo | N32: 33.93 | O32: -117.9477 | P32: anonymous | Q32: EN | R32: 2 | S32: 30 | T32: 43 | U32: 43 | V32: 43 | W32: 1 | X32: 43 | Y32: 2 | Z32: 43 | AA32: 43 | AB32: 43 | AC32: 1 | AD32: 1 | AE32: 1 | AF32: 1 | AG32: 1 | AH32: 3 | AI32: 10 | AJ32: 1 | AK32: 3 | AL32: 2
A33: 46200.51 | B33: 46200.512 | C33: 0 | D33: 172.56.221.80 | E33: 100 | F33: 192 | G33: 1 | H33: 46200.512 | I33: R_6Qrk0Vn5jyvsyZb | N33: 40.0598 | O33: -75.1448 | P33: anonymous | Q33: EN | R33: 1 | S33: 43 | T33: 43 | U33: 43 | V33: 1 | W33: 2 | X33: 43 | Y33: 1 | Z33: 43 | AA33: 43 | AB33: 43 | AC33: 5 | AD33: 5 | AE33: 5 | AF33: 3 | AG33: 5 | AH33: 3 | AI33: 10 | AJ33: 1 | AK33: 3 | AL33: 2
A34: 46200.517 | B34: 46200.518 | C34: 0 | D34: 46.110.178.68 | E34: 100 | F34: 124 | G34: 1 | H34: 46200.518 | I34: R_5eeqaPh4tM7RVBA | N34: 41.4943 | O34: -90.5001 | P34: anonymous | Q34: EN | R34: 1 | S34: 1 | T34: 43 | U34: 43 | V34: 30 | W34: 43 | X34: 43 | Y34: 43 | Z34: 2 | AA34: 43 | AB34: 43 | AC34: 4 | AD34: 4 | AE34: 4 | AF34: 3 | AG34: 3 | AH34: 2 | AI34: 7 | AJ34: 2 | AK34: 4 | AL34: 2 | AM34: Variety of options that rotate and no ads
A35: 46200.531 | B35: 46200.533 | C35: 0 | D35: 96.235.170.163 | E35: 100 | F35: 112 | G35: 1 | H35: 46200.533 | I35: R_1kjrMugsCpQsw1j | N35: 40.2381 | O35: -74.7822 | P35: anonymous | Q35: EN | R35: 1 | S35: 30 | T35: 43 | U35: 2 | V35: 43 | W35: 1 | X35: 43 | Y35: 43 | Z35: 43 | AA35: 43 | AB35: 43 | AC35: 5 | AD35: 4 | AE35: 3 | AF35: 3 | AG35: 3 | AH35: 1 | AI35: 5 | AJ35: 3 | AK35: 4 | AL35: 1
A36: 46200.545 | B36: 46200.547 | C36: 0 | D36: 174.65.124.151 | E36: 100 | F36: 200 | G36: 1 | H36: 46200.547 | I36: R_1nJhS6UMRhoehhW | N36: 33.1097 | O36: -117.067 | P36: anonymous | Q36: EN | R36: 1 | S36: 43 | T36: 1 | U36: 43 | V36: 30 | W36: 43 | X36: 2 | Y36: 2 | Z36: 43 | AA36: 43 | AB36: 43 | AC36: 4 | AD36: 3 | AE36: 3 | AF36: 2 | AG36: 2 | AH36: 1 | AI36: 3 | AJ36: 3 | AK36: 5 | AL36: 1 | AM36: The show I like is on it
A37: 46200.546 | B37: 46200.55 | C37: 0 | D37: 68.252.20.239 | E37: 100 | F37: 394 | G37: 1 | H37: 46200.551 | I37: R_1NVEsiRhTQYOGq1 | N37: 26.4141 | O37: -80.0972 | P37: anonymous | Q37: EN | R37: 1 | S37: 2 | T37: 43 | U37: 43 | V37: 1 | W37: 43 | X37: 43 | Y37: 43 | Z37: 30 | AA37: 43 | AB37: 43 | AC37: 5 | AD37: 5 | AE37: 5 | AF37: 5 | AG37: 5 | AH37: 3 | AI37: 10 | AJ37: 2 | AK37: 1 | AL37: 2
A38: 46200.551 | B38: 46200.551 | C38: 0 | D38: 125.103.25.178 | E38: 100 | F38: 69 | G38: 1 | H38: 46200.551 | I38: R_4ikSj029XCm4KgV | N38: 35.6017 | O38: 139.7431 | P38: anonymous | Q38: EN | R38: 1 | S38: 1 | T38: 2 | U38: 43 | V38: 43 | W38: 30 | X38: 43 | Y38: 43 | Z38: 43 | AA38: 43 | AB38: 43 | AC38: 1 | AD38: 1 | AE38: 1 | AF38: 3 | AG38: 3 | AH38: 3 | AI38: 10 | AJ38: 1 | AK38: 4 | AL38: 1
A39: 46200.552 | B39: 46200.554 | C39: 0 | D39: 68.252.20.239 | E39: 100 | F39: 183 | G39: 1 | H39: 46200.554 | I39: R_5rw7fSu7o833noW | N39: 26.4141 | O39: -80.0972 | P39: anonymous | Q39: EN | R39: 1 | S39: 1 | T39: 30 | U39: 30 | V39: 2 | W39: 43 | X39: 30 | Y39: 30 | Z39: 2 | AA39: 43 | AB39: 43 | AC39: 3 | AD39: 3 | AE39: 3 | AF39: 3 | AG39: 3 | AH39: 1 | AI39: 6 | AJ39: 1 | AK39: 3 | AL39: 2 | AM39: Good movies
A40: 46200.602 | B40: 46200.604 | C40: 0 | D40: 70.95.14.154 | E40: 100 | F40: 125 | G40: 1 | H40: 46200.604 | I40: R_6mVqrmvvNS4opfb | N40: 32.9164 | O40: -117.1393 | P40: anonymous | Q40: EN | R40: 2 | S40: 1 | T40: 43 | U40: 43 | V40: 30 | W40: 43 | X40: 2 | Y40: 43 | Z40: 43 | AA40: 43 | AB40: 43 | AC40: 5 | AD40: 5 | AE40: 5 | AF40: 5 | AG40: 5 | AH40: 3 | AI40: 10 | AJ40: 1 | AK40: 2 | AL40: 2
A41: 46200.569 | B41: 46200.664 | C41: 0 | D41: 73.165.241.59 | E41: 100 | F41: 8183 | G41: 1 | H41: 46200.664 | I41: R_7Su948qzfQifJnT | N41: 40.0146 | O41: -75.7136 | P41: anonymous | Q41: EN | R41: 1 | S41: 43 | T41: 30 | U41: 43 | V41: 43 | W41: 2 | X41: 43 | Y41: 43 | Z41: 43 | AA41: 1 | AB41: 43 | AC41: 3 | AD41: 3 | AE41: 4 | AF41: 3 | AG41: 3 | AH41: 1 | AI41: 6 | AJ41: 1 | AK41: 2 | AL41: 2 | AM41: Affordability
A42: 46200.707 | B42: 46200.708 | C42: 0 | D42: 71.188.87.72 | E42: 100 | F42: 146 | G42: 1 | H42: 46200.708 | I42: R_5soXWh4QWeArnpx | N42: 40.3344 | O42: -74.795 | P42: anonymous | Q42: EN | R42: 1 | S42: 43 | T42: 1 | U42: 43 | V42: 2 | W42: 30 | X42: 43 | Y42: 43 | Z42: 43 | AA42: 43 | AB42: 43 | AC42: 5 | AD42: 1 | AE42: 5 | AF42: 5 | AG42: 5 | AH42: 3 | AI42: 10 | AJ42: 1 | AK42: 1 | AL42: 2
A43: 46200.75 | B43: 46200.751 | C43: 0 | D43: 76.32.177.121 | E43: 100 | F43: 49 | G43: 1 | H43: 46200.751 | I43: R_3KGZIf8usWAPUvr | N43: 34.7148 | O43: -117.8756 | P43: anonymous | Q43: EN | R43: 4
